INSERT INTO `tbl_config` VALUES (1,'',NULL,80,'/dbfile.svl?n=',0,'/r/cms/www/blue/no_picture.gif','/login.jspx',NULL,'1999-12-30','1999-12-30 01:00:00','jeecms',12);


INSERT INTO `tbl_site` VALUES (1,1,NULL,'localhost','www','JEEBBS论坛','jeebbs','http://','.jhtml','.html',NULL,'0','0','zh_CN','zh_CN','blue',2,2,'1','1','','');


INSERT INTO `tbl_action` (`ID`, `title`, `code`, `status`) VALUES 
(1, '订单管理', 'A0', 'A'),
(2, '客户管理', 'B0', 'A'),
(3, '项目管理', 'C0', 'A'),
(4, '译员管理', 'D0', 'A'),
(5, '邮件管理', 'E0', 'A'),
(6, '用户管理', 'F0', 'A'),
(7, '系统设置', 'G0', 'A'),
(8, '报表管理', 'H0', 'A'),
(9, '威客联盟', 'IO', 'A');



INSERT INTO `tbl_area` (`ID`, `title`, `detail`, `status`) VALUES 
(1, 'A. 环境、地理、生态', 'A. 环境、地理、生态', 'A'),
(2, 'B. 化学、石油、能源、电力', 'B. 化学、石油、能源、电力', 'A'),
(3, 'C. 电子、通信', 'C. 电子、通信', 'A'),
(4, 'D. 力学、理论物理', 'D. 力学、理论物理', 'A'),
(5, 'E. 社会、心理、教育、文史哲', 'E. 社会、心理、教育、文史哲', 'A'),
(6, 'F. 金融、经济、证券、保险', 'F. 金融、经济、证券、保险', 'A'),
(7, 'G. 法律', 'G. 法律', 'A'),
(8, 'H. 商务、合同、标书', 'H. 商务、合同、标书', 'A'),
(9, 'I. 媒介、出版、广告', 'I. 媒介、出版、广告', 'A'),
(10, 'J. 汽车、运输、物流、外贸', 'J. 汽车、运输、物流、外贸', 'A'),
(11, 'K. 制造、机械、航空航天', 'K. 制造、机械、航空航天', 'A'),
(12, 'L. IT、软件、互联网', 'L. IT、软件、互联网', 'A'),
(13, 'M. 建筑工业', 'M. 建筑工业', 'A'),
(14, 'N. 纺织、服装', 'N. 纺织、服装', 'A'),
(15, 'O. 食品、卫生', 'O. 食品、卫生', 'A'),
(16, 'P. 其他行业', 'P. 其他行业', 'A'),
(17, 'Q医学、医药、生物', 'Q医学、医药、生物', 'A'),
(18, '韩译中', '服装', 'A'),
(19, '中译韩', '合同', 'A');



INSERT INTO `tbl_corp` (`ID`, `username`, `email`, `userpwd`, `contact`, `sex`, `status`, `corp_name`, `tel`, `mobile`, `fax`, `siteurl`, `address`, `postcode`, `create_date`, `staff_id`, `user_status`) VALUES 
(2, 'guihuagege', '316387003@qq.com', '49d33eb2124a614b138fe3cbacf507b1', '高伊', '1', 'A', '天兴新大陆', '3200322', '15134157665', '', 'http://', '', '', '2011-03-28 08:45:48', NULL, 0),
(3, '金裴配音', 'jinpei@126.com', 'e10adc3949ba59abbe56e057f20f883e', '金裴', '1', 'A', '金裴配音', '993993939', '136993993939', '', 'http://', '', '', '2011-03-28 14:59:53', NULL, 0),
(4, 'gxdhyxx65@163.com', 'gxdhyxx65@163.com', 'df431197879a2be10ce1514ec89239f9', '郭小', '1', 'A', '石家庄市长安区教育局', '86625318', '15831936655', '', 'http://', '', '', '2011-03-29 14:39:25', NULL, 0),
(5, '兜兜柠檬', '954657420@qq.com', 'd6333f2b5ab149556c171f17de2feacf', '胡', '2', 'A', 'puyangzhiyejishuxueyuan', '03936355768', '', '', 'http://', '', '', '2011-03-29 16:36:59', NULL, 0),
(32, 'tanjian1998', 'tanjian1998@gmail.com', 'af40a8e4490f4c0d80f2bb565f71b83c', '谭剑', '1', 'A', '中国科学院对地观测与数字地球科学中心', '82178079', '18911358930', '', 'http://', '', '', '2011-10-27 10:59:32', NULL, 0),
(7, '大菲猫', 'andyqian@dafeimao.com', '0454aa97682235df3ed1a3456bc86e62', '大菲猫', '2', 'A', '大菲猫公司', '55666666', '13000000000', '', 'http://', '', '', '2011-03-29 19:02:43', NULL, 0),
(8, 'yjzwyy', 'yjzwyy@126.com', 'c370b17f17919a23eee4e2edca71ee7c', '张波', '1', 'A', '海尔', '0413-3492368', '13652167244', '', 'http://', '', '', '2011-03-29 19:34:28', NULL, 0),
(9, '王玉金', 'cfnh0294@sina.com', '5f43e7f65d8a06aaf7b1e5d1c945aeb9', '王玉金', '1', 'A', '艺术团', '03158900051', '13930555232', '', 'http://', '', '', '2011-03-29 19:36:51', NULL, 0),
(10, '44555658', '44555658@qq.COM', 'a9b751671ae9a6c4710106f3ca585853', '4', '1', 'A', '4', '54', '4', '54', 'http://54', '1', '2', '2011-03-29 20:01:31', NULL, 0),
(11, '艾艾大猪', '459600488@qq.com', 'fcafb2073837ee7426b31b552d9184de', '猪之歌', '2', 'A', '苏州科技有限公司', '', '15962261595', '', 'http://', '', '', '2011-03-29 20:13:36', NULL, 0),
(12, 'lucky', 'love.yunqi@foxmail.com', '73dd7171d793e602942cdae4ee750c56', '张云琦', '2', 'A', '网吧', '123456', '', '', 'http://', '', '', '2011-03-29 20:32:59', NULL, 0),
(13, '490317400', 'www.490317400@qq.com', '9d6a4e1e4427eeb19c6e065d0d343a64', '戴泽', '1', 'A', '没有', '没有', '没有', '没有', 'http://没有', '没有', '663400', '2011-03-29 20:55:42', NULL, 0),
(14, 'leili817', '352965503@qq.com', '070239bec5ca030c4c7281435f0d9e9e', '小明', '1', 'A', '无', '65913234', '15823314158', '', 'http://', '', '', '2011-03-29 22:50:49', NULL, 0),
(15, 'szwaaa', '1704056@qq.com', 'e10adc3949ba59abbe56e057f20f883e', 'szw', '1', 'A', 'GW', '312312312', '', '', 'http://', '', '', '2011-03-30 00:23:00', NULL, 0),
(16, '天圆地方', '1300909766@qq.com', '523f88d88b9b43ddf7775b26b4201a3d', '方义', '1', 'A', '金龙纺织厂', '81182682', '13886293356', '', 'http://', '江苏省南通市崇川区', '226001', '2011-03-30 00:30:40', NULL, 0),
(17, 'zhuangwang1984', 'guhun_145@163.com', 'c88e8ae13e25993d3aed39a8c12ff02f', 'wanggang', '1', 'A', 'huazhongnongyedaxue', '', '15527209324', '', 'http://', '', '', '2011-03-30 08:22:05', NULL, 0),
(18, '一燕之秋', '990827189@qq.com', '9572a015e5bf48a3defd59e8191b1a4a', '邢小华', '1', 'A', '金龙织布厂', '85702187', '13773842105', '', 'http://', '南通市崇川区中南世纪城', '226001', '2011-04-01 17:17:01', NULL, 0),
(20, 'lixw', 'lixw@nipc.org.cn', 'd0970714757783e6cf17b26fb8e2298f', '李晓伟', '1', 'A', '国家计算机网络入侵防范中心', '', '15901100937', '', 'http://', '', '李晓伟', '2011-04-25 15:36:00', NULL, 0),
(33, 'Zeng Yi', 'zengyi@mail.sic.ac.cn', '3f9cd3c7b11eb1bae99dddb3d05da3c5', '曾毅', '1', 'A', '中国科学院上海硅盐研究所', '13810461649', '13810461649', '', 'http://', '', '', '2011-12-20 18:00:48', NULL, 0),
(23, '娃娃', '377720877@qq.com', '23ec36b4d6f0b4d750c4f3f5a3f10765', '娃娃', '2', 'A', '未知', '未知', '未知', '', 'http://', '', '', '2011-05-09 11:07:10', NULL, 0),
(25, 'customero1', '6937401@qq.com', '23ec36b4d6f0b4d750c4f3f5a3f10765', 'ILISA', '2', 'A', '未知', '未知', '未知', '', 'http://', '', '', '2011-05-19 14:57:10', NULL, 0),
(26, 'customer01', '6937401@qq.com', '23ec36b4d6f0b4d750c4f3f5a3f10765', 'ILISA', '2', 'A', '学生', '未知 ', '未知', '', 'http://', '', '', '2011-05-19 15:07:07', NULL, 0),
(27, 'ilisaliu', 'ilisaliu@hotmail.com', '113aa01c0bf3db537aec2854a297c347', '刘博', '2', 'A', '中国农业科学院植物保护研究所', '01062815618', '01062815618', '', 'http://', '', '', '2011-05-23 15:22:38', NULL, 0),
(28, 'sunx3', 'sunxiaozhi2004@yahoo.com.cn', 'ffacc1d1f3b9b1564c40e6ac4a49cd51', '孙小稚', '2', 'A', '美敦力', '58698989', '13401121604', '', 'http://', '', '', '2011-05-24 19:35:42', NULL, 0),
(34, 'erroy', 'wangjuan@126.com', 'e10adc3949ba59abbe56e057f20f883e', '王娟', '2', 'A', '香港', '01057166636', '15810667899', '', 'http://', '', '', '2012-02-02 23:23:16', NULL, 0),
(35, 'customer100', 'chenjun_luck@126.com', '2112d611b91169765b3351a25333dfa1', '吴先生', '1', 'A', '四川药厂', '13681059052', '13681059052', '', 'http://', '', '', '2012-02-25 10:02:38', NULL, 0),
(36, 'blm0106', 'lmbi0106@163.com', 'a8ec1df3952c6cdb6fe12c189429061a', '毕莉明', '2', 'A', '上海理工大学', '021-55271692', '15901720949', '', 'http://', '上海市杨浦区军工路580号上海理工大学材料学院306室', '200093', '2012-03-04 21:47:52', NULL, 0),
(37, '甘肃省农科院生物技术研究所', 'hnsljjie@163.com', '6e3567e25559cdcf65995e1370c30903', '罗俊杰', '1', 'A', '甘肃省农科院生物技术研究所', '09317612658', '13919002025', '', 'http://', '甘肃省兰州市安宁区农科院新村1号', '730070', '2012-03-07 09:48:18', NULL, 0),
(38, 'hnsljjie', 'hnsljjie@163.com', '6e3567e25559cdcf65995e1370c30903', '罗俊杰', '1', 'A', '甘肃农科院生物技术研究所', '09317612658', '13919002025', '', 'http://', '兰州市安宁区农科院新村1号', '730070', '2012-03-07 09:50:45', NULL, 0),
(39, 'liuzhuo', '282416339@qq.com', 'c4e0083365533de727ba2d286d2b2e0a', '刘卓', '2', 'A', '北京法鼎国际', '13681059052', '13681059052', '', 'http://', '', '', '2012-03-08 13:45:37', NULL, 0),
(40, 'syrinx', 'bird19871201@sina.com', 'afc3c0448dad9e8d3060e379c8d51a24', '唐锐', '2', 'A', '重庆大学', '02365642827', '13752830397', '', 'http://', '', '', '2012-03-09 12:36:51', NULL, 0),
(41, 'syrinxzitongqiu', 'bird19871201@sina.com', 'afc3c0448dad9e8d3060e379c8d51a24', '唐锐', '2', 'A', '重大', '023-60145856', '13752830397', '', 'http://', '', '', '2012-03-09 12:38:11', NULL, 0),
(42, 'freefly', 'yuhui05@126.com', '006f1ba491c12c0e933f9f088bd3f63e', '于慧', '2', 'A', '中科院成都山地所', '02885229828', '13540642042', '', 'http://', '', '610041', '2012-03-29 10:31:39', NULL, 0),
(43, 'guoshili', 'guoshili.729@163.com', '91ebb210e0686ef4e1fc921d6c35ec49', '郭仕利', '2', 'A', '中科院成都山地所', '028-85018271', '13688134484', '', 'http://', '', '', '2012-04-05 10:58:06', NULL, 0),
(44, '王小艳', 'xywang@nwipb.cas.cn', '69d6b4f8a91c03eeac3cdc2a645c02e0', '王小艳', '2', 'A', '中国科学院西北高原生物研究所', '13997293803', '13997293803', '', 'http://', '', '', '2012-04-05 13:47:35', NULL, 0),
(45, 'pplp', 'pplp@163.com', '4297f44b13955235245b2497399d7a93', 'zhaojunfei', '1', 'A', 'ths', '123123', '123123', '', 'http://', '', '', '2012-05-05 00:06:20', NULL, 0),
(46, 'Ashelychan', 'chenjun_luck@126.com', '414d1c0c21fbc273948aea73f4d6635b', '陈珍叶', '2', 'A', '译部落', '13520740186', '13520740186', '', 'http://', '', '', '2012-05-05 00:28:35', NULL, 0),
(47, 'test1', 'test1@163.com', '4297f44b13955235245b2497399d7a93', '123123', '2', 'A', '123123', '123123', '123123', '', 'http://', '', '', '2012-05-05 20:08:25', NULL, 0),
(48, 'weike', 'chenjun_luck@126.com', '414d1c0c21fbc273948aea73f4d6635b', 'Miss Chen', '2', 'A', 'E-buluo', '13520740186', '13520740186', '', 'http://', '', '', '2012-05-30 19:21:56', NULL, 1),
(49, 'wang', 'wangxiaolan138@163.com', '6cd9474fa7738c99efa37c64a63b7b5a', '王博士', '2', 'A', '中科院', '13688317630', '13688317630', '', 'http://', '', '', '2012-06-01 08:49:44', NULL, 0),
(50, 'e-buluo01', '282416339@qq.com', 'c4e0083365533de727ba2d286d2b2e0a', 'Miss Huang', '2', 'A', 'E-buluo', '13910436408', '13910436408', '', 'http://', '', '', '2012-06-13 15:56:43', NULL, 1),
(51, 'Huang', '123456@qq.com', 'e10adc3949ba59abbe56e057f20f883e', 'Miss Huang', '2', 'A', 'E-buluo', '11111111', '11111111', '', 'http://', '', '', '2012-06-13 15:59:21', NULL, 1),
(52, 'zzlz', 'zzlz@163.com', '4297f44b13955235245b2497399d7a93', 'zzlz', '1', 'A', '12312', '123123', '3123123', '', 'http://', '', '', '2012-06-13 16:08:37', NULL, 1),
(53, 'zzlz1', 'transwins@126.com', '0985251f3d13076beec69aca778ea31f', 'transwins', '1', 'A', 'ths', '18801029695', '18801029695', '', 'http://', '', '', '2012-06-13 19:56:30', NULL, 1),
(54, 'zzlz2', 'transwins@126.com', '4297f44b13955235245b2497399d7a93', 'transwins', '1', 'A', 'ths', '18801029695', '18801029695', '', 'http://', '', '', '2012-06-13 19:57:20', NULL, 1),
(55, 'biglz', '123456@qq.com', 'e10adc3949ba59abbe56e057f20f883e', 'Miss Liu', '2', 'A', 'E-buluo', '13681059052', '13681059052', '', 'http://', '', '', '2012-06-14 10:16:40', NULL, 1),
(56, 'admin', '123456@qq.com', 'e10adc3949ba59abbe56e057f20f883e', 'Miss Chen', '2', 'A', 'E-buluo', '13681059052', '13681059052', '', 'http://', '', '', '2012-06-14 14:27:25', NULL, 1),
(57, 'biglz01', '123456@qq.com', 'e10adc3949ba59abbe56e057f20f883e', 'Miss biglz', '2', 'A', 'E-buluo', '1234567', '1234567', '', 'http://', '', '', '2012-06-14 14:42:49', NULL, 1),
(58, 'test2', 'test1@163.com', '4297f44b13955235245b2497399d7a93', 'test1', '2', 'A', 'test1', '18801029695', '18801029695', '', 'http://', '', '', '2012-07-01 22:36:34', NULL, 0),
(59, 'transwings', 'chenjun_luck@126.com', '414d1c0c21fbc273948aea73f4d6635b', '陈琸', '2', 'A', 'E-buluo', '52894862', '13520740186', '', 'http://', '', '', '2012-07-02 18:15:08', NULL, 0),
(60, '代金霞', 'djxia05@163.com', 'afb69cf3aeca31169963dcf4f96caddb', '代金霞', '2', 'A', '宁夏大学', '0951-3076929', '13895603630', '', 'http://', '', '750021', '2012-07-10 10:01:10', NULL, 0),
(61, 'nibujia', 'djxia05@163.com', 'afb69cf3aeca31169963dcf4f96caddb', '代金霞', '2', 'A', '宁夏大学', '095123076929', '13895603630', '', 'http://', '', '750021', '2012-07-10 10:05:24', NULL, 0),
(62, 'baiyang313', 'baiyangdian313@163.com', 'd5ad9fac2b71eb5efd6f65e06d6e641b', '张兆永', '1', 'A', '中科院', '09907885443', '13669984478', '', 'http://', '', '', '2012-08-14 22:27:28', NULL, 0),
(63, 'zhouhaidong', 'zhouhaidong0207@163.com', '9529663ee3665e5158bd322171327a60', '周海东', '1', 'A', '中国国土资源经济研究院', '010-61595951', '18600624321', '', 'http://', '', '', '2012-09-10 16:28:11', NULL, 0),
(64, 'jory', 'yaomingzhang@163.com', '5649fc17bc37dcb727f28e7032ea8334', '张耀明', '1', 'A', '辽宁科技大学', '', '18841262534', '', 'http://', '', '', '2012-09-21 11:59:45', NULL, 0),
(65, 'kobe', 'mingy1987@163.com', '0bbada62a674201b821e45a48bb8ee8f', '明阳', '1', 'A', '航天金税', '', '18610626587', '', 'http://', '', '', '2012-11-03 13:20:58', NULL, 1),
(66, 'zb', '792138098@qq.com', 'b017b5b14064e427629efe62c273eea6', '张豹', '1', 'A', '武汉大学测绘学院', '', '15802766684', '', 'http://', '湖北省武汉市珞瑜路129号武汉大学信息学部测绘学院308', '430079', '2012-11-05 15:53:27', NULL, 0),
(67, 'rubymm', 'rubymm@126.com', 'd0970714757783e6cf17b26fb8e2298f', '毛海颖', '2', 'A', '北京林业大学', '13522931336', '13522931336', '', 'http://', '', '', '2012-11-27 18:46:42', NULL, 0),
(68, 'e-buluo', 'chenjun_luck@126.com', 'b8233f22ee97589075179c10a6eff578', 'Miss Chen', '2', 'A', 'E-buluo', '1222', '135207401888', '', 'http://', '', '', '2013-01-19 15:02:25', NULL, 0),
(69, 'customer995', 'wutingting-110@163.com', '0e6dcd37da73ab5d1fcc9a5fd5edbc23', 'customer995', '2', 'A', 'none', 'none', 'none', '', 'http://', '', '', '2013-02-13 12:02:52', NULL, 0),
(70, 'starzzh', 'starzzh@gmail.com', '9a5d9faf2903da52a54f2c840a90567e', '赵振华', '1', 'A', '南京大学', '09962359061', '13899039754', '', 'http://', '', '', '2013-03-24 17:35:00', NULL, 0),
(71, '梁超', 'liangchao0318@163.com', 'e2587d0b3c9c780f0c7a106338d14c23', '梁超', '1', 'A', '地大', '13718764098', '13718764098', '', 'http://', '', '', '2013-03-28 20:32:24', NULL, 0),
(72, 'lhz7578', 'lhz7578@163.com', '9f8c30d45b16dea8e926495d5ed00c68', '梁会珍', '1', 'A', '山东科技大学', '86057856', '13698667630', '', 'http://', '', '', '2013-04-04 11:34:27', NULL, 0),
(73, 'woyaowan1234', 'myhome8556@126.com', 'e0f95f5772d888637fa41c2cf5057807', '王培忠', '1', 'A', '西安研究所', '02984766207', '13772039772', '', 'http://', '', '', '2013-04-17 19:51:47', NULL, 0),
(74, 'applemiao', '13581916265@163.com', 'd828912db85bcec08037ebfec7cc1322', '于波', '2', 'A', '亿美', '', '13581916265', '', 'http://', '', '', '2013-05-13 12:14:03', NULL, 1),
(75, 'jx_qyfy', 'jx_kaishi@qq.com', '615193369904f9e7996f0866b4c314de', '蒋晓', '1', 'A', '青医附院', '13963940192', '13963940192', '', 'http://', '', '266001', '2013-07-12 16:31:45', NULL, 0),
(76, 'wangchao', 'wangch6972@aliyun.com', '65212ebffd8890084b3b6f59e66cc2fe', '王超', '1', 'A', '不详', '0102563987', '15900266187', '', 'http://', '', '', '2014-01-07 11:10:28', NULL, 0);




INSERT INTO `tbl_language` (`ID`, `title`, `status`) VALUES 
(1, '简体中文', 'A'),
(2, 'English', 'A'),
(3, '日本語', 'A');




INSERT INTO `tbl_order` (`ID`, `Order_ID`, `corp_id`, `project_name`, `area_id`, `service_id`, `zishu`, `status`, `price`, `fapiao`, `create_date`, `dir`, `trans_id`, `finish_date`, `manager_id`, `part_name`, `all_name`, `alldir`, `partdir`, `part_date`, `all_date`, `jiao_date`, `gaochou`, `contract_name`, `contract_dir`, `tzishu`, `staff_id`, `user_status`, `yongjin`, `danjia`) VALUES 
(4, 11000004, 3, '动画解说词3.28.doc', 1, 17, 2000, 'B', 360.00, '', '2011-03-28 15:28:55', '../upfile/201103/', NULL, '2011-03-29', NULL, NULL, NULL, NULL, NULL, NULL, NULL, NULL, NULL, '日常办公.doc', '../contractfile/201103/', NULL, NULL, 0, NULL, NULL),
(17, 11000017, 33, 'wang lunwen.doc', 2, 19, 3016, 'E', NULL, '1', '2011-12-20 18:04:06', '../upfile/201112/', 18, NULL, NULL, NULL, NULL, NULL, NULL, NULL, NULL, '2011-12-23 00:00:00', 211.12, NULL, NULL, 3016, NULL, 0, NULL, NULL),
(9, 11000009, 20, 'manuscript.doc', 3, 19, 5400, 'A', NULL, '1', '2011-04-25 15:59:05', '../upfile/201104/', NULL, NULL, NULL, NULL, NULL, NULL, NULL, NULL, NULL, NULL, NULL, NULL, NULL, NULL, NULL, 0, NULL, NULL),
(10, 11000010, 22, '邢6-02.doc', 1, 17, 7592, 'F', 1746.16, '', '2011-05-04 14:17:30', '../upfile/201105/', 18, '2011-05-09', 6, NULL, NULL, NULL, NULL, NULL, NULL, '2011-05-08 00:00:00', 563.10, NULL, NULL, 5631, NULL, 0, NULL, NULL),
(11, 11000011, 23, '中文摘要.doc', 16, 17, 1000, 'F', NULL, '', '2011-05-09 11:08:35', '../upfile/201105/', 18, NULL, NULL, NULL, NULL, NULL, NULL, NULL, NULL, '2011-05-09 00:00:00', 100.00, NULL, NULL, 1000, NULL, 0, NULL, NULL),
(12, 11000012, 24, '中国航空业应对欧盟碳排税策略研究02-final edition-Transwins.doc', 11, 17, 3765, 'M', 677.70, '', '2011-05-19 11:08:59', '../upfile/201105/', NULL, '2011-05-19', NULL, NULL, NULL, NULL, NULL, NULL, NULL, NULL, NULL, NULL, NULL, NULL, NULL, 0, NULL, NULL),
(13, 11000013, 26, '试翻段落.doc', 1, 17, 393, 'F', NULL, '', '2011-05-19 15:12:34', '../upfile/201105/', 18, NULL, NULL, NULL, NULL, NULL, NULL, NULL, NULL, '2011-05-19 00:00:00', 39.30, NULL, NULL, 393, NULL, 0, NULL, NULL),
(14, 11000014, 27, '青鲜素对小麦条锈菌的效果试验-提交翻译.doc', 16, 17, 5348, 'F', NULL, '1', '2011-05-23 15:32:06', '../upfile/201105/', 18, NULL, NULL, NULL, NULL, NULL, NULL, NULL, NULL, '2011-05-25 00:00:00', 349.00, NULL, NULL, 3490, NULL, 0, NULL, NULL),
(15, 11000015, 28, '翻译文章.docx', 16, 17, 2190, 'F', 438.00, '', '2011-05-24 19:44:37', '../upfile/201105/', NULL, '2011-05-31', NULL, NULL, NULL, NULL, NULL, NULL, NULL, NULL, NULL, NULL, NULL, NULL, NULL, 0, NULL, NULL),
(16, 11000016, 29, '摘要翻译.rar', 17, 17, 2300, 'E', 460.00, '', '2011-06-09 14:39:07', '../upfile/201106/', 18, '2011-06-09', NULL, NULL, NULL, NULL, NULL, NULL, NULL, '2011-06-11 00:00:00', 187.20, NULL, NULL, 1872, 1, 0, NULL, NULL),
(18, 11000018, 35, '药品说明.doc', 17, 17, 207, 'E', NULL, '', '2012-02-25 10:06:29', '../upfile/201202/', 95, NULL, NULL, NULL, NULL, NULL, NULL, NULL, NULL, '2012-02-25 00:00:00', 18.63, NULL, NULL, 207, NULL, 0, NULL, NULL),
(19, 11000019, 35, '青蒿片检验报告书.doc', 17, 17, 293, 'E', NULL, '', '2012-02-25 10:08:49', '../upfile/201202/', 95, NULL, NULL, NULL, NULL, NULL, NULL, NULL, NULL, '2012-02-25 00:00:00', 26.30, NULL, NULL, 293, NULL, 0, NULL, NULL),
(20, 11000020, 35, '翻译材料1.doc', 17, 17, 3586, 'F', NULL, '', '2012-02-25 10:14:03', '../upfile/201202/', 95, NULL, NULL, NULL, NULL, NULL, NULL, NULL, NULL, '2012-02-25 00:00:00', 358.60, NULL, NULL, 3586, NULL, 0, NULL, NULL),
(21, 11000021, 35, '论文摘要.doc', 17, 17, 1549, 'E', NULL, '', '2012-02-25 10:34:02', '../upfile/201202/', 95, NULL, NULL, NULL, NULL, NULL, NULL, NULL, NULL, '2012-02-27 12:00:00', 142.90, NULL, NULL, 1429, NULL, 0, NULL, NULL),
(22, 11000022, 35, '段伟-论文摘要.doc', 1, 17, 1515, 'F', NULL, '', '2012-02-25 10:36:42', '../upfile/201202/', 95, NULL, NULL, NULL, NULL, NULL, NULL, NULL, NULL, '2012-02-27 10:00:00', 151.50, NULL, NULL, 1515, NULL, 0, NULL, NULL),
(23, 11000023, 36, '翻译原文.doc', 11, 17, 3000, 'B', 915.00, '1', '2012-03-04 21:58:41', '../upfile/201203/', NULL, '2012-03-09', NULL, NULL, NULL, NULL, NULL, NULL, NULL, NULL, NULL, NULL, NULL, NULL, NULL, 0, NULL, NULL),
(24, 11000024, 38, '翻译材料1.doc', 17, 17, 4168, 'A', NULL, '1', '2012-03-07 09:58:24', '../upfile/201203/', NULL, NULL, NULL, NULL, NULL, NULL, NULL, NULL, NULL, NULL, NULL, NULL, NULL, NULL, NULL, 0, NULL, NULL),
(25, 11000025, 39, '彩页.docx', 14, 22, 0, 'E', NULL, '', '2012-03-08 14:10:02', '../upfile/201203/', NULL, NULL, NULL, NULL, NULL, NULL, NULL, NULL, NULL, NULL, NULL, NULL, NULL, NULL, NULL, 0, NULL, NULL),
(26, 11000026, 39, '彩页.docx', 14, 22, 0, 'A', NULL, '', '2012-03-08 14:10:14', '../upfile/201203/', NULL, NULL, NULL, NULL, NULL, NULL, NULL, NULL, NULL, NULL, NULL, NULL, NULL, NULL, NULL, 0, NULL, NULL),
(27, 11000027, 41, '离群点挖掘3-9-2.doc', 12, 17, 3043, 'A', 852.00, '', '2012-03-09 12:40:03', '../upfile/201203/', NULL, '2012-03-19', NULL, NULL, NULL, NULL, NULL, NULL, NULL, NULL, NULL, NULL, NULL, NULL, NULL, 0, NULL, NULL),
(28, 11000028, 38, '甘肃不同色彩棉花抗旱指标筛选及评价研究03.19（翻译稿）.doc', 17, 17, NULL, 'E', NULL, '', '2012-03-19 19:22:05', '../upfile/201203/', 95, NULL, 1, NULL, NULL, NULL, NULL, NULL, NULL, '2012-03-23 12:00:00', 511.30, NULL, NULL, 5113, 1, 0, NULL, NULL),
(29, 11000029, 39, 'a4_cool.docx', 14, 22, NULL, 'E', NULL, '', '2012-03-22 15:18:35', '../upfile/201203/', 96, NULL, NULL, NULL, NULL, NULL, NULL, NULL, NULL, '2012-03-24 00:00:00', 0.00, NULL, NULL, 0, 1, 0, NULL, NULL),
(30, 11000030, 42, '中文2.doc', 1, 17, 4734, 'B', 1330.00, '1', '2012-03-29 10:40:48', '../upfile/201203/', NULL, '2012-04-08', NULL, NULL, NULL, NULL, NULL, NULL, NULL, NULL, NULL, NULL, NULL, NULL, NULL, 0, NULL, NULL),
(31, 11000031, 43, '中国西南区域生态效率评价及其影响因素分析（翻译）.doc', 1, 17, 8690, 'B', 2438.00, '1', '2012-04-05 11:09:49', '../upfile/201204/', NULL, '2012-04-12', NULL, NULL, NULL, NULL, NULL, NULL, NULL, NULL, NULL, NULL, NULL, NULL, NULL, 0, NULL, NULL),
(32, 11000032, 43, '润色修改.rar', 1, 19, 3190, 'A', NULL, '', '2012-04-12 11:34:54', '../upfile/201204/', NULL, NULL, NULL, NULL, NULL, NULL, NULL, NULL, NULL, NULL, NULL, NULL, NULL, NULL, NULL, 0, NULL, NULL),
(33, 11000033, 46, '审稿人的意见（需要翻译）.docx', 1, 17, 2000, 'A', NULL, '', '2012-05-05 15:23:52', '../upfile/201205/', NULL, NULL, NULL, NULL, NULL, NULL, NULL, NULL, NULL, NULL, NULL, NULL, NULL, NULL, NULL, 0, NULL, NULL),
(34, 11000034, 47, 'BT.rar', 1, 0, 2000, 'A', NULL, '1', '2012-05-05 20:09:10', '../upfile/201205/', NULL, NULL, NULL, NULL, NULL, NULL, NULL, NULL, NULL, NULL, NULL, NULL, NULL, NULL, NULL, 0, NULL, NULL),
(35, 11000035, 38, '需要翻译.docx', 1, 17, 1200, 'B', 216.00, '', '2012-05-06 15:59:15', '../upfile/201205/', NULL, '2012-05-06', NULL, NULL, NULL, NULL, NULL, NULL, NULL, NULL, NULL, NULL, NULL, NULL, NULL, 3, 216.00, 180.00),
(36, 11000036, 38, '审稿人的意见（需要翻译）.docx', 1, 17, 5900, 'B', 1062.00, '', '2012-05-06 18:27:21', '../upfile/201205/', NULL, '2012-05-06', NULL, NULL, NULL, NULL, NULL, NULL, NULL, NULL, NULL, NULL, NULL, NULL, NULL, 3, 53.10, 180.00),
(37, 11000037, 49, '王-英文版.doc', 1, 19, 2486, 'A', NULL, '1', '2012-06-01 10:22:21', '../upfile/201206/', NULL, NULL, NULL, NULL, NULL, NULL, NULL, NULL, NULL, NULL, NULL, NULL, NULL, NULL, NULL, 0, NULL, NULL),
(38, 11000038, 58, 'upfile/201207/20120702180625.doc', 1, 19, 2000, 'A', NULL, '', '2012-07-02 18:06:25', 'upfile/201207/', NULL, NULL, NULL, NULL, NULL, NULL, NULL, NULL, NULL, NULL, NULL, NULL, NULL, NULL, NULL, 0, NULL, NULL),
(39, 11000039, 58, '20120702180742.doc', 2, 18, 200, 'A', NULL, '', '2012-07-02 18:07:42', 'upfile/201207/', NULL, NULL, NULL, NULL, NULL, NULL, NULL, NULL, NULL, NULL, NULL, NULL, NULL, NULL, NULL, 0, NULL, NULL),
(40, 11000040, 58, '20120702180857.doc', 1, 18, 222, 'A', NULL, '', '2012-07-02 18:08:57', '../upfile/201207/', NULL, NULL, NULL, NULL, NULL, NULL, NULL, NULL, NULL, NULL, NULL, NULL, NULL, NULL, NULL, 0, NULL, NULL),
(41, 11000041, 59, '20120702181603.doc', 1, 17, 600, 'A', NULL, '', '2012-07-02 18:16:03', '../upfile/201207/', NULL, NULL, NULL, NULL, NULL, NULL, NULL, NULL, NULL, NULL, NULL, NULL, NULL, NULL, NULL, 0, NULL, NULL),
(42, 11000042, 64, '20120923093110.doc', 11, 19, 2200, 'A', NULL, '', '2012-09-23 09:31:10', '../upfile/201209/', NULL, NULL, NULL, NULL, NULL, NULL, NULL, NULL, NULL, NULL, NULL, NULL, NULL, NULL, NULL, 0, NULL, NULL),
(43, 11000043, 66, '20121105170824.docx', 1, 19, 0, 'A', NULL, '1', '2012-11-05 17:08:24', '../upfile/201211/', NULL, NULL, NULL, NULL, NULL, NULL, NULL, NULL, NULL, NULL, NULL, NULL, NULL, NULL, NULL, 0, NULL, NULL),
(44, 11000044, 9, '2010.12.05英译中 PI B-Class F-CELL_e.doc', 2, 17, NULL, 'A', NULL, '', '2013-01-19 14:27:58', '../upfile/201301/', NULL, NULL, NULL, NULL, NULL, NULL, NULL, NULL, NULL, NULL, NULL, NULL, NULL, NULL, 1, 0, NULL, NULL),
(45, 11000045, 2, '查封、扣押、冻结财产的规定法释.doc', 2, 20, NULL, 'A', NULL, '', '2013-01-19 14:32:34', '../upfile/201301/', NULL, NULL, NULL, NULL, NULL, NULL, NULL, NULL, NULL, NULL, NULL, NULL, NULL, NULL, 1, 0, NULL, NULL),
(50, 11000046, 68, '20130119150303.doc', 1, 17, 0, 'A', NULL, '', '2013-01-19 15:03:03', '../upfile/201301/', NULL, NULL, NULL, NULL, NULL, NULL, NULL, NULL, NULL, NULL, NULL, NULL, NULL, NULL, NULL, 0, NULL, NULL),
(51, 11000047, 68, '20130119150427.doc', 3, 18, 0, 'A', NULL, '', '2013-01-19 15:04:27', '../upfile/201301/', NULL, NULL, NULL, NULL, NULL, NULL, NULL, NULL, NULL, NULL, NULL, NULL, NULL, NULL, NULL, 0, NULL, NULL),
(54, 11000048, 73, '20130417195909.doc', 1, 17, 3445, 'B', 620.10, '', '2013-04-17 19:59:09', '../upfile/201304/', NULL, '2013-10-14', NULL, NULL, NULL, NULL, NULL, NULL, NULL, NULL, NULL, NULL, NULL, NULL, NULL, 0, NULL, NULL),
(55, 11000049, 2, '20131012173435.docx', 1, 17, 500, 'B', 900.00, '', '2013-10-12 17:34:35', '../upfile/201310/', NULL, '2013-10-14', NULL, NULL, NULL, NULL, NULL, NULL, NULL, NULL, NULL, NULL, NULL, NULL, 1, 0, NULL, NULL),
(57, 11000050, 76, '20140107111120.doc', 11, 17, 7000, 'A', NULL, '', '2014-01-07 11:11:20', '../upfile/201401/', NULL, NULL, NULL, NULL, NULL, NULL, NULL, NULL, NULL, NULL, NULL, NULL, NULL, NULL, NULL, 0, NULL, NULL);




INSERT INTO `tbl_order_invoice` (`ID`, `Order_ID`, `corp_id`, `corp_name`, `service`, `address`, `postcode`, `mobile`, `contact`, `postfs`, `update_date`) VALUES 
(1, 11000001, 1, '北京乐聘时代2', '翻译费', '北京市朝阳区双桥', '100121', '136897456123', '陈金玉', 10, '2011-03-22 13:10:23'),
(2, 11000002, 1, '北京乐聘时代1', '翻译费', '北京市朝阳区双桥', '100121', '136897456123', '没告诉', 5, '2011-03-22 13:34:33'),
(3, 11000003, 1, '背景', '项目', '北京', '1000000', '13488888888888', '杨', 15, '2011-03-26 09:38:22'),
(4, 11000006, 1, 'asdasda', 'asdasd', 'asdasd', 'asdasd', 'asdasd', 'asdasd', 5, '2011-03-29 18:19:20'),
(5, 11000009, 20, '中国科学院研究生院', '翻译费', '石景山区玉泉路19号甲中国科学院研究生院科研楼404', '100049', '15901100937', '李晓伟', 10, '2011-04-25 15:59:05'),
(6, 11000014, 27, '中国农业科学院植物保护研究所', '翻译费', '北京市海淀区圆明园西路2号中国农科院植保所313', '100193', '01062815618', '刘博', 10, '2011-05-23 15:32:06'),
(7, 11000017, 33, '中国科学院上海硅盐研究所', '版面费', '上海市长宁去定息路1295号', '', '13023122667', '曾毅', 5, '2011-12-20 18:04:06'),
(8, 11000023, 36, '上海理工大学', '翻译费', '上海市杨浦区军工路580号上海理工大学材料学院306室', '200093', '15901720949', '毕莉明', 15, '2012-03-04 21:58:41'),
(9, 11000024, 38, '甘肃省农科院生物技术研究所', '翻译费', '甘肃省兰州市安宁区农科院新村1号', '730070', '13919002025', '罗俊杰', 5, '2012-03-07 09:58:24'),
(10, 11000030, 42, '成都山地所', '论文编审费', '四川省成都市人民南路四段九号', '610041', '13540642042', '于慧', 5, '2012-03-29 10:56:01'),
(11, 11000031, 43, '中科院成都山地所', '翻译费', '成都市人民南路四段九号', '610041', '13688134484', '郭仕利', 5, '2012-04-05 11:09:49'),
(12, 11000034, 47, '', '', '', '', '', '', 0, '2012-05-05 20:09:10'),
(13, 11000037, 49, '中科院成都山地所', '翻译费', '四川省成都市人民南路四段九号中国科学院水利部成都山地灾害与环境研究所1号楼', '610041', '13688317630', '王小兰', 10, '2012-06-01 10:22:21'),
(14, 11000043, 66, '武汉大学', '科技论文《A new globally applicable zenith tropospheric', '湖北省武汉市武汉大学信息学部测绘学院308', '430079', '15802766684', '张豹', 15, '2012-11-05 17:08:24');





INSERT INTO `tbl_sendmail` (`ID`, `staff_id`, `title`, `content`, `email`, `update_date`) VALUES 
(26, 8, '123', '123', '123', '2013-10-12 17:37:40'),
(27, 8, '123', '123', '123', '2013-10-12 17:38:04'),
(28, 1, 'ddd', 'rerv ', 'ddd', '2013-10-29 11:36:09');



INSERT INTO `tbl_servicetype` (`ID`, `title`, `detail`, `status`) VALUES 
(17, 'A.中译英', 'A.中译英', 'A'),
(18, 'B.英译中', 'B.英译中', 'A'),
(19, 'C.英文编辑', 'C.英文编辑', 'A'),
(20, 'D.中译法', 'D.中译法', 'A'),
(21, 'E.法译中', 'E.法译中', 'A'),
(22, 'F.韩译中', 'F.韩译中', 'A'),
(23, 'G.中译韩', 'G.韩语翻译', 'A'),
(24, 'H.意大利语（外到中）', 'H.意大利语', 'A'),
(25, 'I.意大利语（中到外）', 'I.意大利语（中到外）', 'A'),
(26, 'J.德译中', 'J.德译中', 'A'),
(27, 'K.中译德', 'K.中译德', 'A'),
(28, 'L.日译中', 'L.日译中', 'A'),
(29, 'M.中译日', 'M.中译日', 'A'),
(30, 'N.西班牙语（外到中）', 'N.西班牙语（外到中）', 'A'),
(31, 'O.西班牙语（中到外）', 'O.西班牙语（中到外）', 'A'),
(32, 'P.葡萄牙语（外到中）', 'P.葡萄牙语（外到中）', 'A'),
(33, 'Q.葡萄牙语（中到外）', 'Q.葡萄牙语（中到外）', 'A');



INSERT INTO `tbl_staff` (`STAFF_ID`, `STATUS`, `NAME_CN`, `NAME_EN`, `SEX`, `USER_ID`, `PASSWORD`, `dl_session`, `action`, `email`, `create_date`) VALUES 
(1, 'A', '陈珍叶', 'roy', '1', 'admin', '7fef6171469e80d32c0559f88b377245', '6902f1db0731fcdaca71131814bc8ec3', 1, 'translationwings@126.com', NULL),
(8, 'A', 'zhaojunfei', NULL, NULL, 'zhaojunfei', '4297f44b13955235245b2497399d7a93', '989ae91e8fc80cd6b9381795adc1c51a', 1, '', '2013-10-12'),
(7, 'A', '刘凯', NULL, NULL, 'ebuluo01', '65212ebffd8890084b3b6f59e66cc2fe', 'eacf8494d87c6136c064faa389863128', 2, '', '2013-10-10');





INSERT INTO `tbl_status` (`ID`, `title`, `status`) VALUES 
(1, '订单已提交,等待报价', 'A'),
(2, '已报价,客户确认字数和报价中', 'B'),
(3, '客户放弃订单', 'C'),
(4, '客户接收订单,尚未付款', 'D'),
(5, '客户完成部分付款,项目处理中', 'E'),
(6, '客户完成付款,项目处理中', 'F'),
(7, '已完成半稿,请提交客户', 'G'),
(8, '半稿已发送,等待客户确认', 'H'),
(9, '半稿重新处理', 'I'),
(10, '已完成终稿,请提交客户', 'J'),
(11, '终稿已发送,等待客户确认', 'K'),
(12, '全稿重新处理', 'L'),
(13, '订单完成,已交稿', 'M');




INSERT INTO `tbl_translator` (`ID`, `username`, `email`, `userpwd`, `contact`, `sex`, `status`, `tel`, `mobile`, `qq`, `msn`, `create_date`, `area_id`, `level`, `manager_id`, `proof`, `composition`, `search`, `reading`, `samplename`, `lang_id`, `zhother`, `otherzh`, `speed`, `worktype`, `worktime`, `scontent`, `tcontent`, `dir`, `doc`, `service_id`, `service_type`) VALUES 
(10, '李沛禹', 'lipeiyu866@163.com', '257923b1268bdea41e3bd19895b33496', '李沛禹', '2', 'A', '15801483375', '15801483375', '77769276', 'lipeiyu866@hotmail.com', '2011-05-03 10:12:53', NULL, NULL, NULL, NULL, NULL, NULL, NULL, NULL, NULL, NULL, NULL, NULL, NULL, NULL, NULL, NULL, NULL, NULL, NULL, 0),
(11, '小刘', 'liuyingabc200@yahoo.com.cn', '671c486fced6ce0f02bef4a6dc0ed6ca', '刘莹', '2', 'A', '15140683585', '15140683585', '359537756', 'liue200@hotmail.com', '2011-05-03 10:16:01', NULL, NULL, NULL, NULL, NULL, NULL, NULL, NULL, NULL, NULL, NULL, NULL, NULL, NULL, NULL, NULL, NULL, NULL, NULL, 0),
(38, 'afmafm619', 'afmafm619@sina.com', '663aa2e924a7b64a359fddfeadb89c52', '安方明', '2', 'A', '010－63952241', '13552909863', '', '', '2011-06-18 09:24:10', NULL, NULL, NULL, NULL, NULL, NULL, NULL, NULL, NULL, NULL, NULL, NULL, NULL, NULL, NULL, NULL, NULL, NULL, NULL, 0),
(39, 'hilary422', 'hilary422@sohu.com', 'abdf9067700f69191bcec5628bff43a5', '刘欢', '2', 'A', '无', '13126616848', '', '', '2011-06-19 21:51:07', NULL, NULL, NULL, NULL, NULL, NULL, NULL, NULL, NULL, NULL, NULL, NULL, NULL, NULL, NULL, NULL, NULL, NULL, NULL, 0),
(15, 'shelley.huangjing', 'shelley_huang@yahoo.cn', '181fea334d03de9df0a3bd0aa793db4e', '黄静', '2', 'A', '025-52365059', '18795857741', '37624957', '', '2011-05-03 11:08:23', NULL, NULL, NULL, NULL, NULL, NULL, NULL, NULL, NULL, NULL, NULL, NULL, NULL, NULL, NULL, NULL, NULL, NULL, NULL, 0),
(9, 'sapor', 'spzheng@hainu.edu.cn', '61ea0d86bf82fae10a9cc3ff06a33f0e', 'zhengshipu', '1', 'A', '089866279057', '18976282628', '', '', '2011-05-03 10:08:45', NULL, NULL, NULL, NULL, NULL, NULL, NULL, NULL, NULL, NULL, NULL, NULL, NULL, NULL, NULL, NULL, NULL, NULL, NULL, 0),
(16, 'ali801623', 'ali801623@163.com', '4e9cd2ccf5ea4f5f299a3a29238086ea', '杨明', '1', 'A', '', '15095707076', '53754556', '', '2011-05-03 14:33:31', NULL, NULL, NULL, NULL, NULL, NULL, NULL, NULL, NULL, NULL, NULL, NULL, NULL, NULL, NULL, NULL, NULL, NULL, NULL, 0),
(8, 'chengjie', '415403819@qq.com', '5f1974df2acd3c97c615b8d5783b85db', '程洁', '2', 'B', '15084791077', '15084791077', '415403819', '415403819', '2011-04-26 15:52:34', '', 1, 6, '', '', '', '', NULL, '', 0, 0, '', NULL, NULL, NULL, NULL, NULL, NULL, NULL, 0),
(12, '哆啦', '11nothing11@sohu.com', '51aa4c1d210b8b9a0e39217845798776', '魏金瑶', '2', 'A', '', '13810499497', '335839117', 'nobody11nada11@hotmail.com', '2011-05-03 10:25:55', NULL, NULL, NULL, NULL, NULL, NULL, NULL, NULL, NULL, NULL, NULL, NULL, NULL, NULL, NULL, NULL, NULL, NULL, NULL, 0),
(17, 'wordon', 'wordon99@163.com', 'e656257387bacb93e8f148b466421802', 'wordon', '1', 'A', '18727760099', '18727760099', 'wordon@qq.com', '', '2011-05-04 00:47:56', NULL, NULL, NULL, NULL, NULL, NULL, NULL, NULL, NULL, NULL, NULL, NULL, NULL, NULL, NULL, NULL, NULL, NULL, NULL, 0),
(18, 'ttsafin', 'tt-safin@hotmail.com', '12e3801c1ffa18c9a6f53251b753e1d6', '小替', '1', 'B', '61559762', '13811992794', '', '', '2011-05-04 14:02:37', '1', 1, 6, '', '', '', '', NULL, '1', 1, 2, '', NULL, NULL, NULL, NULL, NULL, NULL, NULL, 0),
(19, 'jacky', 'yuliang.start@gmail.com', '4ef6b22a3e9e90ef97a2e6b4a3c6e69c', '张玉良', '1', 'A', '59521067', '18611600181', '382085236', '', '2011-05-04 15:35:45', NULL, NULL, NULL, NULL, NULL, NULL, NULL, NULL, NULL, NULL, NULL, NULL, NULL, NULL, NULL, NULL, NULL, NULL, NULL, 0),
(40, 'zgjgood@163.com', '554045366@qq.com', 'b39ddc641ea54b7b6ae335c382dee2c0', '张高洁', '2', 'A', '', '14794619031', '554045366', '', '2011-06-22 07:48:16', NULL, NULL, NULL, NULL, NULL, NULL, NULL, NULL, NULL, NULL, NULL, NULL, NULL, NULL, NULL, NULL, NULL, NULL, NULL, 0),
(21, '满素稳', '420632528@qq.com', '821a785717ea703bbbd250c038bcf467', '满素稳', '2', 'A', '', '13425142536', '420632528', 'beso@live.cn', '2011-05-12 11:50:34', NULL, NULL, NULL, NULL, NULL, NULL, NULL, NULL, NULL, NULL, NULL, NULL, NULL, NULL, NULL, NULL, NULL, NULL, NULL, 0),
(22, 'hcl1914', '13581507133@139.com', '23bf767a3260b3682daa3706c40e2c96', '黄成林', '2', 'A', '0745-2568808', '13581507133', '120460894', '', '2011-05-12 12:15:58', NULL, NULL, NULL, NULL, NULL, NULL, NULL, NULL, NULL, NULL, NULL, NULL, NULL, NULL, NULL, NULL, NULL, NULL, NULL, 0),
(23, 'drioflove', 'drioflove@yahoo.com.cn', '53c3949859d9ff26e3e5072dc427d9d2', '高飞', '1', 'A', '05657387061', '15256586240', '491721206', '', '2011-05-12 12:42:59', NULL, NULL, NULL, NULL, NULL, NULL, NULL, NULL, NULL, NULL, NULL, NULL, NULL, NULL, NULL, NULL, NULL, NULL, NULL, 0),
(24, 'liling', '645746634@qq.com', 'ac12e430d3c8fc1edeae15685b212a6d', '李玲', '2', 'A', '', '13522053061', '645746634', '', '2011-05-13 13:45:42', NULL, NULL, NULL, NULL, NULL, NULL, NULL, NULL, NULL, NULL, NULL, NULL, NULL, NULL, NULL, NULL, NULL, NULL, NULL, 0),
(25, '深圳意大利语翻译', 'tfh20039@hotmail.com', '1aedf4a75245f017e11e835734c62953', '陶风华', '1', 'A', '0755-86381016', '13651433906', '1205619731', 'tfh20039@hotmail.com', '2011-05-16 10:10:05', NULL, NULL, NULL, NULL, NULL, NULL, NULL, NULL, NULL, NULL, NULL, NULL, NULL, NULL, NULL, NULL, NULL, NULL, NULL, 0),
(26, '安德列', 'amurakcm@163.com', 'dd975522d64d99fc9e99bdeb9390293e', 'Dugin Andrey', '1', 'A', '', '18247018015', '952200429', '', '2011-05-16 13:35:57', NULL, NULL, NULL, NULL, NULL, NULL, NULL, NULL, NULL, NULL, NULL, NULL, NULL, NULL, NULL, NULL, NULL, NULL, NULL, 0),
(27, 'Dugin', 'amurakcm@163.com', 'dd975522d64d99fc9e99bdeb9390293e', 'Dugin Andrey', '1', 'A', '18247018015', '18247018015', '952200429', '', '2011-05-16 13:40:09', NULL, NULL, NULL, NULL, NULL, NULL, NULL, NULL, NULL, NULL, NULL, NULL, NULL, NULL, NULL, NULL, NULL, NULL, NULL, 0),
(28, 'mullla', 'woaizhu007@sina.com', '8736b9c4b73b33a49ff6f53015d6cb4b', '闵小方', '1', 'A', '13691317075', '13691317075', '176494818', '', '2011-05-24 10:20:02', NULL, NULL, NULL, NULL, NULL, NULL, NULL, NULL, NULL, NULL, NULL, NULL, NULL, NULL, NULL, NULL, NULL, NULL, NULL, 0),
(29, '米哈伊尔', 'milline55@126.com', '2753978a1eca69838995aba642cb24d0', '苗广君', '1', 'A', '0316-2374493', '15030680067', '99068614', 'mgjchina@hotmail.com', '2011-05-25 12:03:24', NULL, NULL, NULL, NULL, NULL, NULL, NULL, NULL, NULL, NULL, NULL, NULL, NULL, NULL, NULL, NULL, NULL, NULL, NULL, 0),
(30, 'liuchao', 'liuchaoqd@gmail.com', '6cb6c3573fc0676d684c83a6a364fdc9', '刘超', '1', 'A', '', '18669737598', '124553224', 'liuchao@hotmail.it', '2011-05-25 16:21:27', NULL, NULL, NULL, NULL, NULL, NULL, NULL, NULL, NULL, NULL, NULL, NULL, NULL, NULL, NULL, NULL, NULL, NULL, NULL, 0),
(31, 'christopher', 'grzlc@hotmail.com', '88316675d7882e3fdbe066000273842c', 'christopher', '1', 'A', '00496920734648', '00491755577880', '835235027', 'grzlc@hotmail.com', '2011-05-27 20:58:33', NULL, NULL, NULL, NULL, NULL, NULL, NULL, NULL, NULL, NULL, NULL, NULL, NULL, NULL, NULL, NULL, NULL, NULL, NULL, 0),
(32, 'lemon', '323lily@163.com', 'd4ad5136269848ee8969c7cf63b3743e', '李梦', '2', 'A', '', '18210462966', '601300146', '', '2011-05-29 13:19:54', NULL, NULL, NULL, NULL, NULL, NULL, NULL, NULL, NULL, NULL, NULL, NULL, NULL, NULL, NULL, NULL, NULL, NULL, NULL, 0),
(33, 'jsqlucky', 'jsqlucky@163.com', '3fe77e1965143299cb00e0e7640af602', '姜舒琪', '2', 'A', '15511694427', '18211077574', '382274345', '', '2011-05-31 09:49:07', NULL, NULL, NULL, NULL, NULL, NULL, NULL, NULL, NULL, NULL, NULL, NULL, NULL, NULL, NULL, NULL, NULL, NULL, NULL, 0),
(34, 'misspring', 'lovemisspring@163.com', '157b6b45db01959de2a40d75df8aba34', '孟圆', '2', 'A', '01088812262', '15201287155', '631235041', '', '2011-06-03 22:46:31', NULL, NULL, NULL, NULL, NULL, NULL, NULL, NULL, NULL, NULL, NULL, NULL, NULL, NULL, NULL, NULL, NULL, NULL, NULL, 0),
(35, 'benjaminqpy', 'benjaminqpy@126.com', 'f482a615531066a481b3670898e98580', '祁培尧', '1', 'A', '', '18220555541', '492495088', '', '2011-06-12 13:41:48', NULL, NULL, NULL, NULL, NULL, NULL, NULL, NULL, NULL, NULL, NULL, NULL, NULL, NULL, NULL, NULL, NULL, NULL, NULL, 0),
(36, '奕涵', 'honeylang@sina.com', 'c2dc18a2be80d7c44e62114efd6c6a02', '臧涵', '2', 'A', '03962819885', '18209299004', '346943434', '', '2011-06-12 16:15:59', NULL, NULL, NULL, NULL, NULL, NULL, NULL, NULL, NULL, NULL, NULL, NULL, NULL, NULL, NULL, NULL, NULL, NULL, NULL, 0),
(37, 'liangying', '903763473@qq.com', '7cfa95199ee9253f81dccac55a62d86c', '梁英', '2', 'A', '15101256790', '15101256790', '903763473', '', '2011-06-13 16:59:29', NULL, NULL, NULL, NULL, NULL, NULL, NULL, NULL, NULL, NULL, NULL, NULL, NULL, NULL, NULL, NULL, NULL, NULL, NULL, 0),
(41, 'diamond0400', '18611406983@wo.com.cn', '7f549a5726681df8da4756d580f435a2', 'Song Yang', '1', 'A', '65828247', '18611406983', '', '', '2011-06-23 12:42:23', NULL, NULL, NULL, NULL, NULL, NULL, NULL, NULL, NULL, NULL, NULL, NULL, NULL, NULL, NULL, NULL, NULL, NULL, NULL, 0),
(42, 'tiger050506', 'yinshi_dong@126.com', 'd9dddc539ebf9d7572db07a176fc078e', '尹士冬', '1', 'A', '', '15720120549', '344785782', '', '2011-06-26 10:50:52', NULL, NULL, NULL, NULL, NULL, NULL, NULL, NULL, NULL, NULL, NULL, NULL, NULL, NULL, NULL, NULL, NULL, NULL, NULL, 0),
(43, '伊利亚', 'genghongfu@sina.com', '6d17b3447ffcb62f73260b01fd88112e', '耿红福', '1', 'A', '010-28365432', '15501067702', '648364819', '', '2011-06-27 08:34:55', NULL, NULL, NULL, NULL, NULL, NULL, NULL, NULL, NULL, NULL, NULL, NULL, NULL, NULL, NULL, NULL, NULL, NULL, NULL, 0),
(44, '史海涛', 'hahatoisi@hotmail.com', '75f6b2ac952348c81be3c118b5d333d7', '史海涛', '1', 'A', '010-62412979', '15811150921', '49328347', 'hahatoisi@hotmail.com', '2011-06-27 20:42:41', NULL, NULL, NULL, NULL, NULL, NULL, NULL, NULL, NULL, NULL, NULL, NULL, NULL, NULL, NULL, NULL, NULL, NULL, NULL, 0),
(45, 'Sharon', 'xing_702@yahoo.com.cn', '4208f790263d11b6921dca5fe83e7362', '郭兴', '2', 'A', '', '18876675840', '522252309', '', '2011-07-01 23:23:24', NULL, NULL, NULL, NULL, NULL, NULL, NULL, NULL, NULL, NULL, NULL, NULL, NULL, NULL, NULL, NULL, NULL, NULL, NULL, 0),
(46, '友叶', 'sky_zhangqi@163.com', 'b50901c0f88e15180b935abd2d12317b', '张琪', '2', 'A', '', '13845092340', '', '', '2011-07-04 15:45:48', NULL, NULL, NULL, NULL, NULL, NULL, NULL, NULL, NULL, NULL, NULL, NULL, NULL, NULL, NULL, NULL, NULL, NULL, NULL, 0),
(47, 'ls友叶', 'sky_zhangqi@163.com', 'b50901c0f88e15180b935abd2d12317b', '张琪', '2', 'A', '0451-6880947', '13845092340', '810151010', '', '2011-07-04 15:52:43', NULL, NULL, NULL, NULL, NULL, NULL, NULL, NULL, NULL, NULL, NULL, NULL, NULL, NULL, NULL, NULL, NULL, NULL, NULL, 0),
(48, 'wangzhi', 'ciscall@yahoo.com', 'c639a0e6d07450815dc0938230a197a4', '王秩', '1', 'A', '13466795655', '13466795655', '', '', '2011-07-05 23:03:50', NULL, NULL, NULL, NULL, NULL, NULL, NULL, NULL, NULL, NULL, NULL, NULL, NULL, NULL, NULL, NULL, NULL, NULL, NULL, 0),
(49, 'lemonade7', 'meg317@163.com', 'eb97edee5c25291d6a71ea910eec7857', '马青', '2', 'A', '85325203', '13269665809', '190398807', 'lemon-cherry@live.cn', '2011-07-06 18:58:18', NULL, NULL, NULL, NULL, NULL, NULL, NULL, NULL, NULL, NULL, NULL, NULL, NULL, NULL, NULL, NULL, NULL, NULL, NULL, 0),
(50, '王洪飞', 'wanghongfei819@163.com', '67c9062c70ff12b187e1ffc12b93d9f7', '王洪飞', '2', 'A', '', '13995009683', '247323278', '', '2011-07-08 15:53:18', NULL, NULL, NULL, NULL, NULL, NULL, NULL, NULL, NULL, NULL, NULL, NULL, NULL, NULL, NULL, NULL, NULL, NULL, NULL, 0),
(51, 'lilia', 'lyuan8248@163.com', '3856d0279399156bcb34aef61a850e3c', '李媛', '2', 'A', '', '13436388313', '122236094', '', '2011-07-15 21:13:39', NULL, NULL, NULL, NULL, NULL, NULL, NULL, NULL, NULL, NULL, NULL, NULL, NULL, NULL, NULL, NULL, NULL, NULL, NULL, 0),
(52, 'nicholashh', '1150504530@qq.com', 'e92aea0f34663a22455e6f36c618d6ad', '黄河', '1', 'A', '', '15210390015', '1150504530', '', '2011-07-21 13:32:18', NULL, NULL, NULL, NULL, NULL, NULL, NULL, NULL, NULL, NULL, NULL, NULL, NULL, NULL, NULL, NULL, NULL, NULL, NULL, 0),
(53, 'supercheng', 'chxy12-love25@hotmail.com', '00445f8cca4c15d3a2aaeb445b5321eb', '程欣跃', '2', 'A', '010-000000', '15011338927', '', '', '2011-07-21 17:01:58', '1,3,5,9,10,14,15', NULL, NULL, 'D', 'B', 'B', 'B', NULL, '1,2', 3, 5, '4', NULL, NULL, NULL, NULL, NULL, NULL, NULL, 0),
(54, 'XIAOFEI LI', 'xiaofei.li.09@ucl.ac.uk', 'd6ef54b681e62c5683c1e29e3455a520', '李晓霏', '2', 'A', '65113165', '13811571399', '785985770', 'li8705@hotmail.com', '2011-07-26 16:01:48', NULL, NULL, NULL, NULL, NULL, NULL, NULL, NULL, NULL, NULL, NULL, NULL, NULL, NULL, NULL, NULL, NULL, NULL, NULL, 0),
(55, 'zhegxiaojia620', 'zhengxiaojia620@126.com', '0799c468171de3eca7577be21e80e147', '郑晓佳', '2', 'A', '', '13241898092', '284210474', '', '2011-07-26 19:01:30', NULL, NULL, NULL, NULL, NULL, NULL, NULL, NULL, NULL, NULL, NULL, NULL, NULL, NULL, NULL, NULL, NULL, NULL, NULL, 0),
(56, 'zhegxiaojia6202', 'zhengxiaojia620@126.com', '0799c468171de3eca7577be21e80e147', '郑晓佳', '2', 'A', '13241898092', '13241898092', '284210474', '', '2011-07-26 19:04:56', NULL, NULL, NULL, NULL, NULL, NULL, NULL, NULL, NULL, NULL, NULL, NULL, NULL, NULL, NULL, NULL, NULL, NULL, NULL, 0),
(57, 'VERA', 'sunyan19910605@126.com', '7263250b191ca49f4c1ee98af3e91b4a', '孙衍', '2', 'A', '15117992450', '15117992450', '1010689363', '', '2011-07-27 00:37:23', NULL, NULL, NULL, NULL, NULL, NULL, NULL, NULL, NULL, NULL, NULL, NULL, NULL, NULL, NULL, NULL, NULL, NULL, NULL, 0),
(58, '100solitude', '100solitude@163.com', 'd690abf6ccc7de6b76e5259ab5c8fffb', '田文娟', '2', 'A', '053158811508', '15098970691', '284784801', '', '2011-07-30 16:37:00', NULL, NULL, NULL, NULL, NULL, NULL, NULL, NULL, NULL, NULL, NULL, NULL, NULL, NULL, NULL, NULL, NULL, NULL, NULL, 0),
(59, '蒙蒙', 'cynthia_ren@hotmail.com', 'b20184bdef0df4f77b9ca03eee090316', '任静', '2', 'A', '13910817691', '13910817691', '351578813', 'cynthia_ren@hotmail.com', '2011-08-04 14:48:27', NULL, NULL, NULL, NULL, NULL, NULL, NULL, NULL, NULL, NULL, NULL, NULL, NULL, NULL, NULL, NULL, NULL, NULL, NULL, 0),
(60, '雨的印记', 'fenglei1211@hotmail.com', '46f9132b394c2631c2cd4758656fa69b', '冯磊', '1', 'A', '88628330', '13436355121', '470676591', 'fenglei1211@hotmail.com', '2011-08-11 14:27:05', NULL, NULL, NULL, NULL, NULL, NULL, NULL, NULL, NULL, NULL, NULL, NULL, NULL, NULL, NULL, NULL, NULL, NULL, NULL, 0),
(61, 'ulianiu', 'www.wang1102@163.com', '4894dbd3a4431c819f295113523795e2', '牛月秋', '2', 'A', '', '15801424527', '283746855', '', '2011-08-12 10:48:28', NULL, NULL, NULL, NULL, NULL, NULL, NULL, NULL, NULL, NULL, NULL, NULL, NULL, NULL, NULL, NULL, NULL, NULL, NULL, 0),
(62, 'reiise@sina.com', 'reiise@sina.com', '339cda7ff443db3f4309c93aec0b10eb', '王劭辉', '1', 'A', '64415944', '13426225927', '', '', '2011-08-15 06:10:36', NULL, NULL, NULL, NULL, NULL, NULL, NULL, NULL, NULL, NULL, NULL, NULL, NULL, NULL, NULL, NULL, NULL, NULL, NULL, 0),
(63, 'yuan18', 'ezhenyuan@yahoo.com.cn', '9f8746d64521d6e1974a746162d0b58f', '振元', '2', 'A', '65013516', '15001001045', '', '', '2011-08-16 10:27:16', NULL, NULL, NULL, NULL, NULL, NULL, NULL, NULL, NULL, NULL, NULL, NULL, NULL, NULL, NULL, NULL, NULL, NULL, NULL, 0),
(64, 'sdumula', 'xuwei19870128@yahoo.com.cn', '396cf40246e73856e0cd46cc1ecf12a3', '徐玮', '2', 'A', '0536-8328770', '15866504011', '570016933', '', '2011-08-16 10:42:52', NULL, NULL, NULL, NULL, NULL, NULL, NULL, NULL, NULL, NULL, NULL, NULL, NULL, NULL, NULL, NULL, NULL, NULL, NULL, 0),
(65, 'susanna', 'singleroom@eyou.com', '32211356621aa64d52d418d52360d9ec', '李琦', '2', 'A', '010-67161357', '15210952798', '271621449', '', '2011-08-16 19:47:37', '16', NULL, NULL, 'B', 'B', 'B', 'B', '农业类摘要翻译', '1,2', 2, 2, '4', 2, 2, '      明确不同播期条件下, 玉米关键生育期对积温的需求及叶面积系数动态和积温的关系。本研究选用早、中、晚3 个熟期不同的玉米品种(益农103、先玉335 和登海661)为材料, 设早播(5 月3 日)、中播(5 月28 日)、晚播(6 月22 日) 3 个播种期和4 个种植密度 (4.5 万株 hm&#61485;2、6.0 万株 hm&#61485;2、7.5 万株 hm&#61485;2 和9.0 万株 hm&#61485;2), 并进行全生育期的叶面积系数动态调查和记录田间生态因素, 分析其叶面积系数动态特征及积温模型。结果表明: (1)利用CurveExpert 1.38 软件, 对3 个播期玉米不同处理的相对LAI 和相对积温进行动态模拟后可有6 个不同型模型, 其中Ration\r\n模型y = (a+bx)/(1+cx+dx2)具有很好的模拟效果和生物学意义, a 值为出苗时的相对LAI 值, (a+b)/(1+c+d)为成熟时相对LAI; 通过对2008 年的试验和另外试验的进一步验证, 模拟的准确度(以k 表示)均大于0.9392**, 精确度(以R2 表示)均大于0.9996**。(2)模型中参数 a、c 值在播期、密度和品种间变异很小; b、d 值在播期、品种间变异较大, 密度间变异很小, 播期和品种主要通过调节参数b、d 值实现对整个模拟模型的调控。(3)播期对全生育期的天数、平均温度、积温、平均LAI、LAI 变化速率和籽粒产量均具有调节作用; 随着播期的推迟, 生育天数、积温、平均LAI 和籽粒产量呈减少趋势, 平均温度呈增加趋势; 生育天数和积温表现为登海661>先玉335>益农103, 籽粒产量和平均LAI 表现为先玉335>登海661>益农103。\r\n关键词: 玉米; 叶面积系数; 活动积温; 模型; 播期  ', '  In order to clarify the demand of accumulated temperature in the growth process of maize cultivars of different maturities and the relationship between leaf area index and accumulated temperature. Three cultivars used (Yinong 103, Xianyu 335, and Denghai 661) were carried, with three sowing dates (May 3rd, May 28th, and June 22nd) and four density treatments (45 000 plants ha&#61485;1, 60 000 plants ha&#61485;1, 75 000 plants ha&#61485;1, and 90 000 plants ha&#61485;1). The dynamic of leaf area index were measured and the model based on accumulated temperature were established. The LAI and accumulated temperature of different treatments in three planting date were normalized, and the six main models were compared. Results showed that, the Ration model y=(a+bx)/(1+cx+dx2) had a good simulation results and would be used significantly in biological applications, where is relative\r\nseedling groups LAI, (a+ b)/(1+c+d) is the relative maturity groups LAI. the accuracy and precision of the normalized model were tested with the data of 2008 and the data of 2007 in Huadian, Jilin, the simulation accuracy (k) was all above 0.9392**, and the precision (R2) was all above 0.9996**. The values of a and c had a slightly difference, however, the values of b and d changed dramatically among sowing dates and among varieties, and a small difference among densities, showing that sowing dates changed the LAI mainly through the values of b and d in maize. Sowing dates regulated the growth days, average temperature,  accumulated temperature, average LAI, change rate of LAI and grain yield in different maturity cultivars of maize, when the sowing date delayed, the growth days, accumulated temperature, the average LAI and grain yield were all decreased, the average temperature was increased. The growing days and accumulated temperature showed as Denghai 661> Xianyu 335> Yinong 103,\r\ngrain yield and average LAI showed as Xianyu 335 > Denghai 661 > Yinong 103.\r\nKeywords: Maize; Leaf area index; Active accumulated temperature; Simulation model; Sowing date    ', NULL, NULL, NULL, 0),
(66, 'wanglixia', 'xiaoxiazi@rambler.ru', 'dd1886460b7426d4bbb4e73b11764dce', '王利霞', '2', 'A', '', '13436984958', '5184670', '', '2011-08-17 09:33:06', NULL, NULL, NULL, NULL, NULL, NULL, NULL, NULL, NULL, NULL, NULL, NULL, NULL, NULL, NULL, NULL, NULL, NULL, NULL, 0),
(67, '张微', 'jamie_zhangwei@126.com', '5b3937738afdf708cb0904ef00db69d7', '张微', '2', 'A', '01057920548', '13910308950', '', 'jamie_zhangwei@126.com', '2011-08-26 15:12:28', NULL, NULL, NULL, NULL, NULL, NULL, NULL, NULL, NULL, NULL, NULL, NULL, NULL, NULL, NULL, NULL, NULL, NULL, NULL, 0),
(68, 'Annie Lian', '516135060@qq.com', 'e53691d65613826e36156eb316ef0805', '胡嘉', '2', 'A', '', '15011066085', '516135060', '', '2011-08-28 17:22:45', NULL, NULL, NULL, NULL, NULL, NULL, NULL, NULL, NULL, NULL, NULL, NULL, NULL, NULL, NULL, NULL, NULL, NULL, NULL, 0),
(69, '111', 'zzx19870818@163.com', '9e75b76a65967fae02e3045f69507584', '朱志雪', '2', 'A', '', '13149561521', '371727097', '', '2011-08-28 19:25:02', NULL, NULL, NULL, NULL, NULL, NULL, NULL, NULL, NULL, NULL, NULL, NULL, NULL, NULL, NULL, NULL, NULL, NULL, NULL, 0),
(70, 'dorothyzhy', 'dorothyzhy@hotmail.com', 'c69de553c7118c5c93a7a20962f9ede3', '张莹', '2', 'A', '15010855196', '15010855196', '345342230', '', '2011-08-28 20:47:59', NULL, NULL, NULL, NULL, NULL, NULL, NULL, NULL, NULL, NULL, NULL, NULL, NULL, NULL, NULL, NULL, NULL, NULL, NULL, 0),
(71, 'bellina', '243349923@qq.com', '6d640df2190642e94b3fc076b438fa20', '张媛', '2', 'A', '', '15677372225', '243349923', 'zhangyuan20100201@hotmail.com', '2011-08-30 18:01:24', NULL, NULL, NULL, NULL, NULL, NULL, NULL, NULL, NULL, NULL, NULL, NULL, NULL, NULL, NULL, NULL, NULL, NULL, NULL, 0),
(72, 'Ira', 'zjcm003@126.com', '838e05ddfc7bb7cd16faf4f3b0816ba9', '张锦', '2', 'A', '', '18701124190', '137705611', 'zjcm003@hotmail.com', '2011-09-02 17:37:52', NULL, NULL, NULL, NULL, NULL, NULL, NULL, NULL, NULL, NULL, NULL, NULL, NULL, NULL, NULL, NULL, NULL, NULL, NULL, 0),
(73, 'Ann', '673070316@qq.com', 'f470814c65fe6c08b4fb2b8c7f3bbcbf', '宁娟', '2', 'A', '', '13811100251', '673070316', '', '2011-09-03 07:44:21', NULL, NULL, NULL, NULL, NULL, NULL, NULL, NULL, NULL, NULL, NULL, NULL, NULL, NULL, NULL, NULL, NULL, NULL, NULL, 0),
(74, '杨含玉', 'answers_iverson@hotmail.com', '720014040f093331ddfe566cf7fd493e', '杨含玉', '2', 'A', '01064127068', '13466666930', '416985958', 'answers_iverson@hotmail.com', '2011-09-08 12:13:52', NULL, NULL, NULL, NULL, NULL, NULL, NULL, NULL, NULL, NULL, NULL, NULL, NULL, NULL, NULL, NULL, NULL, NULL, NULL, 0),
(75, 'dan00406', 'dan00406@163.com', '79c2d92d0f3800ae618a3cbe91b9ee3b', '刘晓丹', '2', 'A', '', '15210198751', '58617996', 'dan0228@live.cn', '2011-09-13 11:38:28', NULL, NULL, NULL, NULL, NULL, NULL, NULL, NULL, NULL, NULL, NULL, NULL, NULL, NULL, NULL, NULL, NULL, NULL, NULL, 0),
(76, 'ura_zhou', 'ura_zhou@sina.com', '0b2952b0d93576dd24b49dcb66a9c7d8', '周亮', '1', 'A', '13920351913', '13920351913', '', '', '2011-09-15 10:59:04', NULL, NULL, NULL, NULL, NULL, NULL, NULL, NULL, NULL, NULL, NULL, NULL, NULL, NULL, NULL, NULL, NULL, NULL, NULL, 0),
(77, 'shouhou', 'yangguangshouhou@163.com', 'd7f2d65a1ece33f7676ddd30f8b11980', '谢娟', '2', 'A', '01064889679', '15801425710', '305048384', '', '2011-09-19 12:49:57', NULL, NULL, NULL, NULL, NULL, NULL, NULL, NULL, NULL, NULL, NULL, NULL, NULL, NULL, NULL, NULL, NULL, NULL, NULL, 0),
(78, 'qibao', 'yangguangshouhou@163.com', 'd7f2d65a1ece33f7676ddd30f8b11980', '谢娟', '2', 'A', '01064889679', '15801425710', '305048384', '', '2011-09-19 12:52:51', NULL, NULL, NULL, NULL, NULL, NULL, NULL, NULL, NULL, NULL, NULL, NULL, NULL, NULL, NULL, NULL, NULL, NULL, NULL, 0),
(79, 'maple', 'fujiezhang@yahoo.com', '95b2ff116b5b4d3a0ad1e41ffc0ef84e', '张富杰', '1', 'A', '', '13581547043', '878279297', '', '2011-09-19 14:25:01', NULL, NULL, NULL, NULL, NULL, NULL, NULL, NULL, NULL, NULL, NULL, NULL, NULL, NULL, NULL, NULL, NULL, NULL, NULL, 0),
(80, 'luckyy', 'jim.chia@qq.com', '129f1a9aac78f856083dae8158e78e02', '贾一', '1', 'A', '15210758311', '15210758311', '838188014', '', '2011-09-21 14:01:30', NULL, NULL, NULL, NULL, NULL, NULL, NULL, NULL, NULL, NULL, NULL, NULL, NULL, NULL, NULL, NULL, NULL, NULL, NULL, 0),
(81, '俄语', 'xiaoqi_1981@163.com', '9198d0abd36f2460b5209a23f71cf0cb', '王楷', '1', 'A', '', '18701730825', '434941377', '', '2011-09-25 10:10:39', NULL, NULL, NULL, NULL, NULL, NULL, NULL, NULL, NULL, NULL, NULL, NULL, NULL, NULL, NULL, NULL, NULL, NULL, NULL, 0),
(82, 'fanyi', 'chenfang87@yahoo.com', '716c284800430d12f307e541806ebff2', '陈芳', '2', 'A', '', '15011374724', '357632207', '', '2011-10-02 10:56:39', NULL, NULL, NULL, NULL, NULL, NULL, NULL, NULL, NULL, NULL, NULL, NULL, NULL, NULL, NULL, NULL, NULL, NULL, NULL, 0),
(83, 'hzk5621003', 'hzk5621003@126.com', 'ae4c241eca3f1d5168bacb6f045884b9', '黄仲昆', '1', 'A', '', '18910187857', '116411244', '', '2011-10-04 19:55:04', NULL, NULL, NULL, NULL, NULL, NULL, NULL, NULL, NULL, NULL, NULL, NULL, NULL, NULL, NULL, NULL, NULL, NULL, NULL, 0),
(84, 'lighting09', '332856673@qq.com', 'c6b7f8b8f149411ca1c11f3894aabb97', 'tina', '3', 'A', '', '13488896910', '332856673', '', '2011-10-07 20:53:39', NULL, NULL, NULL, NULL, NULL, NULL, NULL, NULL, NULL, NULL, NULL, NULL, NULL, NULL, NULL, NULL, NULL, NULL, NULL, 0),
(85, 'shinn', 'shinn123@163.com', '495e3ed2629b5765883a3489100ad76f', '史娜娜', '2', 'A', '13810521893', '13810521893', '', '', '2011-11-24 10:13:58', '1', 3, 1, 'B', 'A', 'A', 'A', NULL, '1', 1, 2, '2', NULL, NULL, NULL, NULL, NULL, NULL, NULL, 0),
(86, '徐卫芳', 'youyang103@hotmail.com', 'a58795a1972312e105362c7d793b712c', '徐卫芳', '2', 'A', '', '13913020394', '849283939', 'youyang103@hotmail.com', '2011-11-28 21:11:55', '17', NULL, NULL, 'C', 'B', 'B', 'B', NULL, '1,2', 4, 4, '5', NULL, NULL, NULL, NULL, NULL, NULL, NULL, 0),
(90, '自由的云彩', 'ziyoudeyuncai@126.com', 'e888f9439a61be1f0a391a44d36d0aea', '刘沛', '2', 'A', '', '15937179290', '514969802', '', '2011-12-14 14:48:46', '2,8,10,15', NULL, NULL, 'C', 'B', 'B', 'C', 'trademake fee', '1,2', 3, 4, '5', 3, 2, '        TRADEMARKS\r\n\r\n1) Fees for trademark searches in Russia.\r\n\r\nDifferent terms and types of trademark searches are available.\r\n\r\n \r\nSearch for	Term	Fee of the Russian PTO (RUR)\r\n		In one class	Each additional class\r\nWord mark	1 month	3000 (~ USD 100)	600 (~ USD 20)\r\n - / -	2 weeks	6000 (~ 200)	1200 (~ 40)\r\n - / -	7-9 days	9000 (~ 300)	1800 (~ 60)\r\n - / -	3 days	18000 (~ 600)	3600 (~ 120)\r\n -/-	1 day	36000 (~1200)	7200 (~240)\r\nGraphical mark	1 month	7500 (~ 250)	1500 (~ 50)\r\n- / -	2 weeks	15000 (~ 500)	3000 (~ 100)\r\n- / -	7-9 days	22500 (~ 750)	4500 (~ 150)\r\n\r\nIf terms of the search are not indicated in the order letter, the one-week search is ordered. In case the Russian transliteration of the mark in Latin is required, the official fees will be raised by 10%.\r\n\r\nOur agent’s fee for ordering the search is USD 200 per trademark independently of a number of classes. Our fees for commenting and advising on search results are USD 250 - USD 320 per hour. In case of urgent search (1 - 3-days search) our service fees will increase by 50%.\r\n\r\n2) Documents and fees for registration of a trademark in Russia (there is no difference between word, color, device and/or combined marks). A multi-class trademark application is allowable:\r\n\r\n1.	Applicant&#039s name and address; \r\n2.	List of goods and/or services (in accordance with the Nice Classification of Goods and Services) for which a trademark should be registered. It should be noted that a class heading does not automatically protect all the goods included in the class. In this light for the broadest protection of your client’s mark it is recommendable to file the class heading and a detailed list of goods your client is interested in most of all (if any);\r\n3.	6 typographic prints of the device/combined mark (8 x 8 cm. or 8 x 10 cm. in size). Prints of a device/combined mark can also be prepared at our end for USD 50;\r\n4.	Power of Attorney (It should be issued by the applicant and signed by the authorized person with indication of his name and position in the company. The date and place of the signature should be indicated as well. Neither notarization nor legalization is required). Please note that the Power of Attorney can be submitted after filing the application. There is no strict term for filing Power of Attorney with the Russian PTO.\r\n5.	In case of claiming conventional priority we need a certified copy of the first (home) application. The filing particulars should correspond to the ones into the first (home) application. It (the first (home) application) can be submitted after filing the application, but within three months from the date of filing a conventional trademark application with the Russian PTO. This term cannot be extended. In should be also noted that a split (partial) priority does not foreseen in Russia.\r\n\r\n	Official fee	Agent’s fee\r\n	Rubles	equivalent in USD	USD\r\nFiling application in one class including examination	10500	~ 375	400\r\n- For each additional class	1500	~ 55	\r\nPatent Office Service Fee	 	5	\r\nLate filing application materials (Power of Attorney, Priority document)	 	 	50\r\nClaiming convention priority in Russia	 	 	100\r\nForwarding Official Filing Receipt	 	 	100\r\n\r\n\r\nIf all required documents are submitted, the cost of filing an application in one class (including the cost for forwarding Official Filing Receipt) is about USD 885. For each additional class the cost increases by USD 50.\r\n\r\nWe would like to draw your attention to the fact that we do not charge our fee for an extra class in an application.\r\n\r\nIn case of an Official Action of Registration (on condition that no objections are raised during the examination) the cost of further prosecution irrespective of the number of classes is about USD 805 (including the Official fee for registration in the amount of 12000 Rubles which is about USD 400 and a Patent Office Service fee in the amount of USD 5). No additional fee for publication is charged. Please note that the above mentioned sum does not include our fee for reviewing of the Official Action of Registration which is USD 250-320 per hour.\r\n\r\nIn case of large list of goods and/or services additional fee for verifying and/or translation of list of goods/services will be charged (USD 20 for 100 words).\r\n\r\nIf a trademark meets the examiner&#039s objections, the cost depends on the services rendered in connection with the objections raised (reporting, advising, overcoming, etc.). \r\n\r\nPlease note that all the Official fees are fixed. But their US dollar’s equivalent depends on the current exchange rate.\r\n\r\nIn view of the above the approximate expenses for one trademark (from filing to registration) in one class will be in the amount of USD 1690 + USD 250-320 per hour for reviewing of the Official Action of Registration (if no objections are raised during its examination). For each additional class the cost increases by USD 50.\r\n\r\nAll the above costs are given without postage expenses, which are about USD 10-20 for forwarding each document. The cost for forwarding Certificate of Registration via DHL is USD 50-60.\r\n\r\nApproximate time frames for the trademark prosecution in Russia:\r\n\r\n(i)	  The Official Filing Receipt is issued within 1-2 months from the date of filing an application; \r\n(ii)	The Official Action is issued within 12-14 months from the date of filing the application.\r\n(iii)	In case of the positive decision the Registration Certificate is issued within 2 months from the date of payment of the Official Fee for registration.\r\n', '       商标\r\n1)俄罗斯境内商标查询费用。\r\n\r\n可提不同期限和类型的商标查询\r\n调查内容	期限	俄罗斯专利和商标局费用（俄罗斯卢布）\r\n		一个类别	每增加一个类别\r\n字标	1月	   3000 (~ USD 100)	600 (~ USD 20)\r\n - / -	2周	6000 (~ 200)	1200 (~ 40)\r\n - / -	7-9天	9000 (~ 300)	1800 (~ 60)\r\n - / -	3 天	18000 (~ 600)	3600 (~ 120)\r\n -/-	1 天	36000 (~1200)	7200 (~240)\r\n图标	1 月	7500 (~ 250)	1500 (~ 50)\r\n- / -	2 周	15000 (~ 500)	3000 (~ 100)\r\n- / -	7-9 天	22500 (~ 750)	4500 (~ 150)\r\n\r\n如确认函未注明调查期限，默认为一周。若需商标从拉丁语音译为俄语，官方费用提高10%。\r\n\r\n我们的代理调查费用是每商标200美金，与商标类别多少无关。调查结果注释和公示商标费用为250-320美金/小时。若需加急调查（1-3天调查），服务费用提高50%。\r\n\r\n2）在俄罗斯注册商标所需文件及费用（不论字标，颜色，图标和/或组合标）。允许多类别商标申请。\r\n6.	申请者名称和地址\r\n7.	商标拟注册的商品和/或服务的目录（依据《商标注册用商品和服务国际分类尼斯协定》归类）。应当指出，类标题并不会自动涵盖该类下所包含的全部商品，因此，推荐您详尽列出类标题以及该标题下您最感兴趣的所有（若有）商品名称，以最大限度的保障您客户的商标权。\r\n3.  6份不同版式的图形商标/组合商标样标，尺寸为8 x 8 厘米或 8 x 10 厘米，也可由我处代为设计，设计费为50美金。\r\n4.   委托书。请知悉委托书也可在提交商标注册申请后提供，与俄罗斯联邦专利和商标局提供委托书并无严格的时间限制。注：委托书必须由申请者出具，并由委托人签字，同时标明委托人名字及公司职务，委托书签署时间及地点。无需第三方公证或者法律公证。\r\n\r\n5. 请提供登记机关出具的优先权证明以备声明优先权。备案摘要应与申请书正本内容一致。申请书正本也可在向联邦专利和商标局递交常规商标注册申请的三个月内提交，逾期不予办理。另外俄罗斯联邦不支持商标拆分优先权。\r\n	官方费用	代理费用\r\n	卢布	换算为美金	美金\r\n申请一个类别包括审查	10500	~ 375	400\r\n每增加一个类别	1500	~ 55	\r\n专利局服务费	 	5	\r\n延期提交申请资料（委托书，优先权证明文件）	 	 	50\r\n在俄声明优先权	 	 	100\r\n官方文件邮寄费	 	 	100\r\n\r\n\r\n若所需文件全部及时递交，申请一个类别商标注册费用约为885美金（包括文件递送费用，每增加一个注册类别，加收50美金。\r\n我们不会收取申请增加注册类别的代理费，请知悉。\r\n\r\n商标注册审核期若无任何异议，联邦发布《注册公告》，不论商标注册类别种类多少，复审的费用约为805美金，包括商标注册官方费用12000卢布（约400美金）以及专利局服务费5美金，不再产生二额外的公示费用。以上所列费用不包括我方复核《注册公告》的费用，250-320美金/小时。\r\n若申请商标的商品和/或服务项目过多，我方将酌情收取20美金/100字的核查或翻译费用。\r\n若审查员对商标申请有异议，我方将根据针对异议提供的服务收取服务费，比如提交报告，提供建议，成功解决争议等。\r\n所有官方费用（卢布）是固定的，但是会因美元的汇率变动发生波动。\r\n\r\n因此，在商标审查期无异议，从递交商标申请到商标注册成功的总费用约为：1690美金+250-320美金/小时我方复核《注册公告》的费用。每增加一个注册类别费用为50美金。\r\n以上所有费用不包含文件邮寄费用：约10-20美金/票。《商标注册证》的DHL邮费为50-60美金。\r\n俄罗斯商标注册申请的大致时间框架：\r\n(iv)	自商标注册申请递交之日起1-2个月，官方发布商标《申请登记》。\r\n(v)	自商标注册申请递交之日起12-14个月内，联邦专利和商标局发布商标《注册公告》\r\n(vi)	若无任何争议，《商标注册证》将在注册费用交纳之后的2个月内由联邦专利和商标局颁发。\r\n ', NULL, NULL, NULL, 0),
(89, 'flyyhwd', 'nuokou86@qq.com', '51f6ea4eb28a6b59ea21db8becd790c0', '杨航', '1', 'A', '07284973677', '15872642651', '307842893', '', '2011-12-08 13:07:08', '2,8,11,13', NULL, NULL, 'D', 'B', 'B', 'C', '焊机用户手册', '1,2', 5, 5, '3', 3, 2, '焊接火花可能会导致失火，请确认焊接工位附近无易燃物。\r\n噪音——过度的噪音对人的听力有害\r\n保护您的耳朵，使用耳朵护罩或戴上其他听力保护物。\r\n&#8226;警告旁观者，噪音会对其听觉造成潜在伤害。\r\n故障——遇到困难时，寻求专业人士的帮助\r\n&#8226;如您在安装和操作时遇到困难，请按本手册的有关内容进行排查。        ', 'Welding spark may lead to fire. Please make sure no combustibles exist near the welding post.\r\nNoise----too much noise will do harm to your listening comprehension!\r\nProtect your ear by wearing ear cover or other hearing protection.\r\nSpectators should be warned that noise will do potential harm to their sense of hearing.\r\nFault----when in trouble, seek help from professionals!\r\nIf you meet with any difficulty in installation and operation, inspect one by one with reference to relevant content of this manual.         ', NULL, NULL, NULL, 0),
(91, 'qinkan', 'qinkan@sina.com', 'd31f3675b75d614a0d31c8564d1475f1', '周鹃', '2', 'A', '01056789999', '13232846221', ' 2310425968', '', '2011-12-19 14:49:08', NULL, NULL, NULL, NULL, NULL, NULL, NULL, NULL, NULL, NULL, NULL, NULL, NULL, NULL, NULL, NULL, NULL, NULL, NULL, 0),
(92, 'qinkan0123456', 'qinkan@sina.com', 'd31f3675b75d614a0d31c8564d1475f1', '周鹃', '2', 'A', '01056789999', '13232846221', '', '', '2011-12-19 14:49:31', NULL, NULL, NULL, NULL, NULL, NULL, NULL, NULL, NULL, NULL, NULL, NULL, NULL, NULL, NULL, NULL, NULL, NULL, NULL, 0),
(93, 'ashelychan', 'translationwings@126.com', '414d1c0c21fbc273948aea73f4d6635b', '陈珍叶', '2', 'A', '13681059052', '13681059052', '282416339', '', '2011-12-20 13:57:07', NULL, NULL, NULL, NULL, NULL, NULL, NULL, NULL, NULL, NULL, NULL, NULL, NULL, NULL, NULL, NULL, 'transcv/201112/', '周鹃.doc', NULL, 0),
(94, 'nepturn', '438252669@qq.com', '731982a033a5cc815ac03c8504abb748', '张艳辉', '2', 'A', '13855114208', '13855158021', '438252669', '', '2011-12-21 11:29:18', NULL, NULL, NULL, NULL, NULL, NULL, NULL, NULL, NULL, NULL, NULL, NULL, NULL, NULL, NULL, NULL, 'transcv/201112/', '日语翻译（张艳辉）.doc', NULL, 0),
(95, '陈继英', '673680966@qq.com', '2b6affa7a09f5815d64ec9aa77f13b4c', '陈继英', '2', 'B', '07348187072', '18873409622', '673680966', '', '2011-12-23 22:16:56', NULL, 1, 0, NULL, NULL, NULL, NULL, NULL, NULL, NULL, NULL, NULL, NULL, NULL, NULL, NULL, 'transcv/201112/', '陈继英_生物医药翻译简历.doc', NULL, 0),
(96, 'guangling_1982', 'guangling_1982@163.com', '6eaf7b4b8f13f9f30f556b1a4a35677d', '印光娟', '2', 'B', '', '15920029791', '51325472', '', '2012-03-08 12:20:45', NULL, 0, 0, NULL, NULL, NULL, NULL, NULL, NULL, NULL, NULL, NULL, NULL, NULL, NULL, NULL, 'transcv/201203/', '印光娟-韩语译员（中文版）.doc', NULL, 0),
(97, 'yinguangjuan', 'guangling_1982@163.com', '6eaf7b4b8f13f9f30f556b1a4a35677d', '印光娟', '2', 'A', '', '15920029791', '51325472', '', '2012-03-08 12:22:43', NULL, NULL, NULL, NULL, NULL, NULL, NULL, NULL, NULL, NULL, NULL, NULL, NULL, NULL, NULL, NULL, 'transcv/201203/', '印光娟-韩语译员（中文版）.doc', NULL, 0),
(98, 'chflin', 'chflin@gmail.com', '77761d43f969b7fba81b2bded9649fe8', '林超峰', '2', 'A', '+1-302-831-3420', '+1-302-252-1523', '83854692', 'linchaof@msn.com', '2012-04-09 02:34:20', NULL, NULL, NULL, NULL, NULL, NULL, NULL, NULL, NULL, NULL, NULL, NULL, NULL, NULL, NULL, NULL, 'transcv/201204/', '简历_林超峰博士_cn.doc', NULL, 0),
(99, 'pplp', 'pplp@163.com', '4297f44b13955235245b2497399d7a93', 'zhaojunfei', '1', 'A', '', '18801029695', '', '', '2012-05-04 23:58:55', NULL, NULL, NULL, NULL, NULL, NULL, NULL, NULL, NULL, NULL, NULL, NULL, NULL, NULL, NULL, NULL, NULL, NULL, NULL, 0),
(100, 'zzlz1', 'zzlz1@163.com', '4297f44b13955235245b2497399d7a93', '123123', '2', 'A', '123123', '123123', '123123', '123123', '2012-05-15 22:03:23', NULL, NULL, NULL, NULL, NULL, NULL, NULL, NULL, NULL, NULL, NULL, NULL, NULL, NULL, NULL, NULL, NULL, NULL, 18, 1),
(101, 'zzlz3', 'pplp@163.com', '0985251f3d13076beec69aca778ea31f', 'zzlz3', '1', 'A', '123123123', '18801029695', '', '', '2012-06-14 00:02:05', NULL, NULL, NULL, NULL, NULL, NULL, NULL, NULL, NULL, NULL, NULL, NULL, NULL, NULL, NULL, NULL, NULL, NULL, 0, 1),
(102, 'ddwow32', '365380968@qq.com', 'ecd2eab9ada24861914c0b1b322b554b', '韩佳男', '1', 'A', '18610479294', '18610479294', '365380968', '', '2012-06-18 16:35:18', NULL, NULL, NULL, NULL, NULL, NULL, NULL, NULL, NULL, NULL, NULL, NULL, NULL, NULL, NULL, NULL, NULL, NULL, 30, 0),
(103, 'a26654265', '26654265@qq.com', 'd2c43fb9bc4fa59b737de0381ba53be7', '冯莹', '2', 'A', '15871433175', '15871433175', '26654265', '', '2012-07-07 03:41:41', NULL, NULL, NULL, NULL, NULL, NULL, NULL, NULL, NULL, NULL, NULL, NULL, NULL, NULL, NULL, NULL, NULL, NULL, 18, 1),
(104, 'Lynn', 'mingmingxiaowu@163.com', '76e547bebad262f28ee8309e7f96c9b0', '周晓玲', '2', 'A', '', '18699184526', '33763472', '', '2012-07-23 16:55:53', NULL, NULL, NULL, NULL, NULL, NULL, NULL, NULL, NULL, NULL, NULL, NULL, NULL, NULL, NULL, NULL, NULL, NULL, 17, 0),
(105, 'jiangmeijia', '541896431@qq.com', '4fdee771bb2cb9410ddaa10076b6c748', '江美佳', '2', 'A', '', '15074257607', '', '', '2012-07-30 22:29:26', NULL, NULL, NULL, NULL, NULL, NULL, NULL, NULL, NULL, NULL, NULL, NULL, NULL, NULL, NULL, NULL, NULL, NULL, 17, 0),
(106, 'baobabaobab', 'baowansheng@126.com', '87700879349291558f1fe0b80bceab38', '鲍万升', '1', 'A', '13810079177', '13810079177', '815313253', '', '2012-10-16 16:50:20', NULL, NULL, NULL, NULL, NULL, NULL, NULL, NULL, NULL, NULL, NULL, NULL, NULL, NULL, NULL, NULL, NULL, NULL, 20, 0),
(107, '123', '282416339@qq.com', '414d1c0c21fbc273948aea73f4d6635b', 'Miss Chen', '2', 'A', '123456', '1236987456', '', '', '2012-10-22 13:54:26', NULL, NULL, NULL, NULL, NULL, NULL, NULL, NULL, NULL, NULL, NULL, NULL, NULL, NULL, NULL, NULL, NULL, NULL, 18, 0),
(108, 'fangdy829', 'zhixunmam@hanmail.net', 'a95bf15a1436d7f4b7e5507a8861598d', '方帝雅', '2', 'A', '80356451', '18618373965', '12775857', '', '2012-11-16 14:05:04', NULL, NULL, NULL, NULL, NULL, NULL, NULL, NULL, NULL, NULL, NULL, NULL, NULL, NULL, NULL, NULL, NULL, NULL, 22, 1),
(109, 'rubymm', 'rubymm@126.com', 'd0970714757783e6cf17b26fb8e2298f', '毛海颖', '2', 'A', '13522931336', '13522931336', '503729194', '', '2012-11-27 18:48:27', NULL, NULL, NULL, NULL, NULL, NULL, NULL, NULL, NULL, NULL, NULL, NULL, NULL, NULL, NULL, NULL, NULL, NULL, 17, 1),
(110, 'zoe_82', 'zoe_82@163.com', 'c4a01e53631b75a917b8c42cf5d2fa70', '王文', '2', 'A', '', '13001942386', '993314043', '', '2012-12-17 16:27:44', NULL, NULL, NULL, NULL, NULL, NULL, NULL, NULL, NULL, NULL, NULL, NULL, NULL, NULL, NULL, NULL, NULL, NULL, 18, 0),
(111, '李志庆', 'muziqian1989@126.com', '82821b852d54000625c0f12f3797c413', '李志庆', '1', 'A', '', '15636007540', '651289217', '', '2012-12-20 20:16:00', NULL, NULL, NULL, NULL, NULL, NULL, NULL, NULL, NULL, NULL, NULL, NULL, NULL, NULL, NULL, NULL, NULL, NULL, 33, 0),
(113, 'kevinchu', 'kevin@hdu.edu.cn', '28a900f47df8a9209f96a2e3c529ac0d', '褚长勇', '1', 'A', '057181597987', '13655712518', '', '', '2013-04-01 15:57:20', NULL, NULL, NULL, NULL, NULL, NULL, NULL, NULL, NULL, NULL, NULL, NULL, NULL, NULL, NULL, NULL, NULL, NULL, 18, 0),
(114, 'zhuai@', '453659843@qq.com', 'b02c99f094bc5e77ed2398e03e680733', '刘啸洋', '1', 'A', '61489882', '13910595632', '453659843', '', '2013-04-17 10:47:28', NULL, NULL, NULL, NULL, NULL, NULL, NULL, NULL, NULL, NULL, NULL, NULL, NULL, NULL, NULL, NULL, NULL, NULL, 17, 0),
(115, 'chuzhihui', 'chuzhihui8710@126.com', '502a96385da3ff6bbc043d165c7f78e7', '储智慧', '2', 'A', '15901110981', '15901110981', '532698928', '', '2013-04-20 18:02:59', NULL, NULL, NULL, NULL, NULL, NULL, NULL, NULL, NULL, NULL, NULL, NULL, NULL, NULL, NULL, NULL, NULL, NULL, 18, 0),
(116, 'chuzhihui87', 'chuzhihui8710@126.com', '502a96385da3ff6bbc043d165c7f78e7', '储智慧', '2', 'A', '15901110981', '15901110981', '', '', '2013-04-20 18:06:33', NULL, NULL, NULL, NULL, NULL, NULL, NULL, NULL, NULL, NULL, NULL, NULL, NULL, NULL, NULL, NULL, NULL, NULL, 18, 1),
(117, 'dora liu', 'sammy7020@hotmail.com', '33d18a3bec2551ad23e97aea00449ffa', '刘女士', '2', 'A', '010-67957020', '13718639606', '41199270', '', '2013-04-25 14:34:27', NULL, NULL, NULL, NULL, NULL, NULL, NULL, NULL, NULL, NULL, NULL, NULL, NULL, NULL, NULL, NULL, NULL, NULL, 17, 1),
(118, 'kiwiyisheng', 'kiwiyisheng@sina.cn', 'e10adc3949ba59abbe56e057f20f883e', 'edwardwang', '1', 'A', '8888888', '15022509856', '', '', '2013-10-28 15:34:19', NULL, NULL, NULL, NULL, NULL, NULL, NULL, NULL, NULL, NULL, NULL, NULL, NULL, NULL, NULL, NULL, NULL, NULL, 18, 0),
(119, 'Wangchao', 'wangch6972@aliyun.com', '65212ebffd8890084b3b6f59e66cc2fe', '王超', '1', 'A', '0105289486', '15900266187', '', '', '2014-01-07 11:07:25', NULL, NULL, NULL, NULL, NULL, NULL, NULL, NULL, NULL, NULL, NULL, NULL, NULL, NULL, NULL, NULL, NULL, NULL, 17, 1),
(120, 'jennyyang0328', 'jenny328@126.com', '36f17c3939ac3e7b2fc9396fa8e953ea', '杨金丽', '2', 'A', '18801026058', '18801026058', '64846762', '', '2014-01-26 21:29:21', NULL, NULL, NULL, NULL, NULL, NULL, NULL, NULL, NULL, NULL, NULL, NULL, NULL, NULL, NULL, NULL, NULL, NULL, 17, 0),
(121, '高巍', 'gaowe@hotmail.com', 'e10adc3949ba59abbe56e057f20f883e', '高巍', '1', 'A', '', '13601200394', '', '', '2014-02-23 22:52:11', NULL, NULL, NULL, NULL, NULL, NULL, NULL, NULL, NULL, NULL, NULL, NULL, NULL, NULL, NULL, NULL, NULL, NULL, 28, 0);

